nickname,label
爱琴海,0
药儿,0
悠真,0
邱伟,0
黑夜到白昼,0
白斩鸡,0
呛,0
程大大,0
梦想时刻,0
寒烈,0
林家陞,0
熊大壮,0
张萧,0
叮叮车,0
小雨,0
涛声依旧,0
郭书豪,0
金君,0
岁月是把杀猪刀,0
小森达也,0
苏智慧,0
孤,0
炎,0
陈陈,0
李志杰,0
蛋炒饭,0
斋藤和真,0
杨培川,0
现在的我,0
阿姨洗铁路,0
明日里香,0
终于,0
杨旭,0
情绪崩溃时差点杀死自己,0
半哑,0
寻找迷途中的光明,0
紫枫,0
李梦迪,0
敬新,0
多多,0
岩小姐,0
超级宝贝儿,0
洪锦标,0
华,0
爱不解释,0
洋哥儿,0
狄维锋,0
猪在我,0
宝宝二号,0
王信钊,0
郭星,0
爱天下,0
红不让,0
亦枫如画,0
上,0
星辰梦,0
白先娌,0
九五文化,0
不像张志明,0
风雨同行,0
闭眼,0
小手冰凉,0
任性,0
子豪,0
魅力光头,0
新仔,0
信,0
大鹏同学,0
李小希,0
佐木龙生,0
小甑酒,0
难,0
渥美格之进,0
巴音,0
即将停用,0
连圣鸿,0
陈义文,0
余勇兵,0
海洋,0
乐天派,0
小伍哥,0
陈启明,0
毛毛,0
猫又,0
高桥玲良,0
王海文,0
牵绊,0
林哲伟,0
老邓澳门威尼斯,0
橙子橙子,0
飞,0
荻苒,0
烘培,0
雄,0
重庆烤鱼,0
我往北追,0
郭亦展,0
旭,0
情兽,0
怜香惜玉,0
鱼厂舟山店,0
王丰,0
倍儿硬,0
秋天的叶,0
海岸朱,0
凤姐,0
新垢移行固定,0
黄汗衫,0
你在我安,0
心态,0
小汤圆,0
农耕乐,0
山,0
志存高远,0
前程似锦,0
神影,0
尔戈生,0
嗷嗷嗷嗷嗷嗷巴,0
石仓佑树,0
思聪爸爸健林,0
袁小白,0
罗鸿杰,0
金榜题名时,0
晴,0
村上公豪,0
山有木兮木有枝,0
久遇,0
骑着蜗牛追火箭,0
何十四,0
骗钱的游戏,0
日系,0
権太坂太郎,0
佩奇,0
晓旻,0
物以类聚,0
望嘉,0
不漓不弃,0
今晚几点睡,0
小贝,0
巷子外卖小哥哥,0
冈村宗高,0
翰,0
林坤志,0
泰乐购泰货,0
刘文宏,0
酷泣儿,0
嵩山,0
打鱼仔,0
陆志国,0
奇异恩典,0
黄金亿,0
比风还冷,0
翌杰,0
纪国佳佳,0
苍鬼,0
不能没有你,0
就是不听话,0
奕晨,0
卖乱啊,0
天涯,0
吴建纬,0
陈志建,0
开始出分了,0
心安理得,0
雒城贩子,0
大白菜,0
海蚊,0
逸,0
小哥在你们飞,0
吴瑜婷,0
正杰灯饰正泰开关照明,0
笑脸,0
你已经被包围了,0
逗你玩,0
无名小丑,0
诚信做人,0
王俊淇,0
李明,0
娄凯杰,0
何必执着,0
廖品皓,0
王小胖儿,0
海成,0
汪成,0
殇,0
天天上山,0
嘉禾昌融,0
阿满,0
剧毒,0
时刻准备着,0
龅牙家的暴脾气,0
后一场梦,0
瑞,0
将军,0
改名必中,0
姐我有点傻,0
黄宽恕,0
陈广辉,0
大贯素子,0
醉,0
程大爷,0
一生一个他,0
一曲肝肠寸断,0
陈冠勇,0
逆光,0
万小龙,0
安田俊辉,0
李羽裳,0
强旺室内装修,0
林沛绮,0
孙明恒泰,0
跳跳虎,0
失忆,0
妖孽白,0
劳苦功高,0
逝去的日子,0
张丹,0
红中,0
曾柏玮,0
复活,0
宝酱是我滴,0
张伟宝,0
冷漠之樱,0
黄锕宝,0
歪腻,0
这样吃法不好玩,0
曾有容颜或少年,0
奋斗的小青年,0
上海创都木业,0
有点小宠溺,0
黄士诚,0
永恒梦境,0
小叶叶春木,0
破晓,0
胖达,0
吴顺财,0
默默陪着你,0
中嶋一辉,0
小叮当,0
孤独的和弦,0
火舞,0
苏曼,0
茻呰,0
许正国,0
只宠一人,0
杨尹柔,0
阿惠,0
小妞,0
号浪潮,0
偲沫年华,0
李海亮,0
黄圣翔,0
张宴菱,0
诚信至上,0
终究是戏,0
铃木瑛启,0
赵素琴,0
鱼崽崽,0
谨剩孤单,0
中田耀介,0
铃木优斗,0
张氏釿皓,0
夏天,0
小伊,0
迷茫,0
稳,0
南关移动营业厅专卖,0
我是演员唱歌,0
黄建诚,0
芽芽楽,0
内野宫芙月,0
偏执,0
你的至尊宝,0
宝元,0
孙小空,0
蔡瑞杰,0
艾伟,0
磊哥之王,0
懂董事,0
张裕名,0
李诚恩,0
小幸运,0
越来越幸福,0
斌怡城,0
疯男纸,0
梓濠,0
婲婲梦,0
宜,0
郭渤新,0
万事如意幸福安康,0
看不透你执着,0
深仔,0
野口贡,0
天使之也,0
潇,0
章飞,0
我的远方没有客栈,0
德安妮妮,0
祖宗,0
青柳,0
我来火星了,0
夏实霓,0
那个她,0
叫我陈公子,0
刘雪峰,0
武佳文,0
威尼斯小镇,0
海瑞,0
马小强,0
孔伟忠,0
于恒,0
峰,0
每一个梦都有你,0
久保智希,0
恍如初见,0
厩舎梦扉,0
答应我赌下去,0
执子之手,0
钟爱,0
骑着毛驴跟,0
只能赢没话说,0
微笑掩饰悲伤,0
废了,0
军区产品,0
于,0
小海,0
李孝武,0
盖伦,0
杨超,0
新汽车教练,0
洪荒少男,0
姚,0
爱尚车,0
李健龙,0
郑奠奠,0
骆驼,0
幸福人生,0
维尼,0
荣官,0
野村光希,0
是李帅哥呐,0
神谷,0
小康的生活,0
张超,0
阿群,0
菅原崇矢,0
刘印挺,0
芯芯,0
陈增勋,0
石津信子,0
侽人的肩膀丶,0
光头强,0
廖志峯,0
静春,0
浩辉,0
昌昌,0
别停我能承受,0
基隆薛之谦,0
剩者,0
张淼,0
隐荥劢茗,0
刘宇航,0
丑小鸭的故事,0
稳妥熟男,0
宗纶儿,0
金兄弟皮革金士洋,0
永恒,0
陈楠,0
未亡人,0
想不到名字,0
黎家八少,0
顺自然,0
吉吉,0
醉人心,0
夕凛,0
硬帮,0
星尚造型链锁机构烫染师,0
旧巷青年,0
满脸胡渣的小叔叔,0
情人节花束,0
付少,0
十月,0
简得晋,0
小黑哥,0
胡金义,0
金牛座,0
很,0
陈春环,0
苏纪曾,0
遗失的青春,0
浩钲,0
漫漫人生路,0
酷儿,0
小奋斗,0
褚衍辰,0
刘伟,0
一诺千金,0
六叔,0
安辰阳,0
间瀬友里爱,0
欣欣向荣,0
一刻暧昧,0
陈十五,0
狂奔的蜗牛,0
张先森,0
业政,0
胖娃子,0
西山,0
荨找,0
小玉,0
我和影子,0
彭建超,0
佛山庞骏综合汽车振祥,0
嗳妳唥暖自知,0
文,0
幸福一家,0
栋栋栋栋栋,0
林金玉,0
金增发才二手车,0
吴权鹏,0
周周,0
新垣光太,0
侃谈余生,0
永远快乐,0
刘嘉泽,0
平艺无奇,0
小虎大魔王,0
天府可乐,0
陈文艺,0
南生,0
云随瀞赱,0
独家记忆,0
天翊,0
海真,0
邹琦,0
创艺广告,0
小奖都没有充什么钱,0
道产子,0
幻月岚,0
解毒剂,0
洋,0
张景,0
小美,0
华泰汽保,0
放开那女孩,0
烟飘,0
富龙,0
乐乐乐乐,0
大尼象,0
丁秋,0
美国新佰伦本色,0
好人,0
今生无悔,0
人生地不熟,0
六仔,0
路人甲,0
一拳一个嘤嘤怪,0
董子硕,0
俊辉李,0
听雨,0
赢个万亿,0
佐野渓太,0
阿狸,0
无味,0
安丶然,0
小贝壳仔,0
谁曾茬意,0
男姐姐工作号,0
月落乌啼霜满天,0
昂篙,0
冬夜流星,0
大器,0
一望无际,0
庄哲维,0
陈颖萱,0
陈廷昌,0
我已成年爱谁谁,0
路人,0
张学民,0
傻子爱上骗子,0
易兴,0
土土,0
醉梦,0
奶白菜,0
但愿人长久,0
网贷客服,0
奥特曼,0
徐少冰,0
孙文,0
陈毓雰,0
永封自己,0
林家业,0
阿乐,0
番薯姐本人已消失不回复,0
建名,0
杨阳飏,0
姚秉廷,0
鹏鹏,0
侠客,0
匀速唿吸,0
天宇,0
米小黑,0
为爱坚持,0
康康,0
全力以赴,0
晨尘,0
轩魂乂霸影,0
追,0
洋气大叔,0
下雨了,0
仔,0
熊麻吉,0
南京彭于晏,0
松井照喜,0
给予她幸福,0
哄哄,0
朱志刚,0
我玩命你随意,0
隆,0
刚一叶就飘落,0
傅志顺,0
梦里梦不出梦里梦,0
三只,0
柠檬与梦,0
你好,0
苏先生,0
奥迪李东,0
李胜发,0
张孔琳,0
韦伯瑄,0
沈奕均,0
小宇,0
夺,0
老欧,0
谢智传,0
黄政豫,0
唯美,0
兵少,0
皆非,0
半支烟,0
只想静静,0
后古阿伦,0
心宽,0
嗯,0
滨州鑫智商贸,0
王豪威,0
杜小伟,0
丸山,0
糖糖手工果蔬卡通包,0
明智小五郎,0
大夏,0
心为你守候,0
船长,0
小天,0
抽烟只抽煊赫门,0
邢经纬,0
微墨笙,0
小虎,0
海浪,0
黎奇,0
高翔,0
郑文鸿,0
三村空,0
田村亨,0
景,0
韩冬,0
城西,0
有钱就任性没钱就认命,0
大鳌正宗铁板濑尿虾档,0
娟子,0
真的好爱你,0
有道,0
一阵风,0
皮中带稳,0
阿油,0
中招体育培训马克老师,0
谢宪文,0
老铁,0
万能红军,0
大霹雳,0
呵呵哒,0
大洋洋,0
输到没晒钱,0
刘子扬,0
新里翔也思,0
裕隆针织经营部批发零售,0
邓光辉,0
陈恂妤,0
彦甫江,0
形象工作室创始人王硕,0
高傲的一只猪,0
时间旅行者,0
魏超,0
家,0
邓国良,0
吴泓逸,0
垃圾游戏要金牌才可以送钱,0
李丽,0
大宝小宝我,0
时间过的好快,0
一久之,0
哦东方航空,0
许宅翔,0
董生,0
天下,0
一个独自在远方的人,0
醉后的最后,0
孙公子,0
巴扎嘿,0
丶渲染,0
赵薄,0
你是我的唯一,0
不百毒不侵怎配你蛇蝎之心,0
开开,0
建,0
王跃龙,0
还是败给了时光,0
妳媞我啲私囿财产,0
孙国荣,0
宏宇,0
洪令雅,0
将进酒,0
那些无所谓的坚持,0
雷霆莉,0
群,0
汏园,0
骚周,0
蓁蓁,0
啊来,0
陈晖,0
也许,0
张森杰,0
一朵小花,0
一海心茫茫丶,0
两宝呗妈,0
凇,0
萧诚元,0
十七,0
盛凯,0
冯瑞庆,0
姚晓霜,0
麠,0
洋洋射手,0
一杯开水灌醉你鑫,0
偶尔合群,0
似水,0
一帆风顺,0
汽车影音导航电子唐正中,0
系男児,0
不仅仅是喜欢,0
璇啊璇啊我滴骄傲放纵,0
风主尘香,0
桟柳,0
陈宇和,0
远碧蓝相间,0
山中飒太山中飒太,0
大雄,0
平安,0
幸运发发发,0
许佩如,0
坤仔,0
小勐兽,0
球,0
时尚,0
芒果冰,0
古城老巷,0
尛本溪,0
石井玲穂,0
流放的心,0
华仔,0
闹儿麻麻,0
无敌,0
高汉文,0
陈竹玲,0
刘祐瑜,0
小黑,0
昵称,0
冬冬,0
緈諨爷们,0
蛇,0
别闹奸笑都正经人,0
欧巴,0
暖栀,0
喔唷苦恼来咯,0
该怎么生活,0
朝仁,0
习惯简单,0
不过如此,0
七匹狼卫浴,0
注定的结果,0
咦,0
王小莹,0
皮皮鲁,0
挺冷,0
自成一派,0
津津,0
承诺,0
刘振良,0
通少丿,0
红木家具,0
煌煌,0
令妃,0
侯帅,0
景如,0
甲第号,0
啊磊,0
辉辉,0
或许,0
东大门女装代购直邮,0
十里春风不如你,0
家乡菜粿林义干,0
纸飞机的梦想那么渺小,0
对方正在输入中,0
曼陀罗,0
朱勋銢,0
张籽沐,0
黄翔翔,0
好运来,0
瑜记,0
生有何欢死又有何惧,0
李政宏,0
田满,0
蔡蓝萍,0
助丸,0
韧带不拉一字马不改名,0
无敌小帅锅,0
史迪芬周,0
傅缨惠,0
捕鱼大神,0
最坏,0
怪物,0
人丑嘴不甜长的磕碜又没钱,0
嫑,0
中森结太,0
静心,0
李曼琳,0
明天晴天,0
缘分,0
三太子,0
廖小仙,0
澜本,0
牛蛙,0
杨贞水,0
人生就是这样,0
真的,0
陈伟杰,0
烟花易冷人心易变,0
跃,0
幼稚,0
唐筠涵,0
小典,0
咆哮的包子脸,0
宗哲,0
行政杨日升,0
康王彭于晏,0
胡力锦帆,0
叶明,0
晴转多云,0
黄欣斤欠,0
城里的真会耍,0
凑友希那,0
阿奇,0
王大超,0
林琳,0
念,0
詪,0
王彪,0
奇迹会出现,0
厥贤,0
医采鼎峰战队杨姐,0
抑郁成疾,0
随他去,0
桂大海野,0
不好意思,0
慕尚造型小五,0
藤原拓海,0
淡漠,0
爱心吴彦祖,0
伤谁疼,0
苏世勋,0
光八木,0
游象焕,0
浜,0
刘轩,0
晕头转向,0
认真你就输了,0
昕宝,0
平凡,0
在沙漠里游泳的鱼,0
银行信用贷款吴昇鸿,0
目标很渺茫,0
加好友,0
虚拟的人生,0
兜嫲,0
美咲,0
楠沐,0
道祖尾宪二郎,0
一念之间,0
吴道德,0
谢昂展,0
某先生,0
姒后芣婹莋萠伖丶,0
白建峰,0
郑斌,0
春来,0
柳爱彬,0
王凯瑞,0
低调,0
陈陈陈陈陈陈陈陈先森,0
思钱想厚,0
小富富,0
涵大大,0
陈国飞,0
真田风香,0
天友,0
俏爸爸,0
秋秋,0
旧事惘然,0
胡妤溱,0
蓝沢羽琉,0
王泰元,0
星辰,0
看淡尘寰,0
厦门爷爷,0
眼眸印一丝温柔,0
其实,0
涂治浩,0
贱可乐,0
立石総司,0
不要说话,0
小延,0
金尊玉升级大角鹿黄明,0
陈万贤,0
郑筅笙,0
墨迹墨迹,0
唐佳龙,0
晓辉辉,0
有没有那么一首歌,0
陈三寿,0
桀兽,0
林冠廷,0
稳住我们能赢,0
唐,0
阿诺,0
菊地絵利花,0
王鹏,0
我要头奖,0
篠田裕贵,0
冰糖葫芦,0
雅雅,0
探戈,0
陈灿,0
木杉,0
虾夷亲父,0
全麦同学,0
菁菁杯业,0
穷光蛋,0
林飞煌,0
秄闳,0
江小欠,0
李发福,0
仁皇,0
范金香,0
小汽,0
小谅哥,0
穆,0
龙帅,0
微微一笑,0
海阔天空,0
赵婷,0
光辉岁月,0
瀬藤,0
旮旯,0
君为妃醉,0
咖啡,0
不上亿不充钱,0
小辉辉,0
风,0
潘信政,0
森鑫参茸,0
青年好本事,0
宁静致远,0
高木好,0
棒冰批发,0
风吹裤衩掉,0
飞很远,0
家龙,0
鸡公福,0
王程成,0
现实,0
小赖叽,0
努力,0
颜幸玲,0
琉璃,0
黄明摇,0
凹凸有型,0
堕落使者,0
畏亻尔,0
同年乐团,0
桃花白条,0
为为,0
君子不争,0
小猪,0
陈伟勋,0
僚,0
杨明昂,0
我是不是应该有个网名,0
我可以,0
廖添丁,0
爱蓝天,0
李锐奎,0
陈娇,0
天才利应,0
诗情诗意湿人心,0
无恨教练,0
闹够了回我怀里来,0
曾经我也胖过,0
不能说的秘密,0
言而无信,0
秋名山蜡笔小新,0
无所谓的一笑,0
红树林餐饮有限公司丁干好,0
発狂者,0
江生,0
七喜,0
忝忝向,0
苹果屏,0
李明辉乐豪铜门,0
大军,0
媄,0
憨鸠鸠,0
名字,0
林深时见鹿,0
余地,0
财神,0
别无所求,0
吴靓靓,0
做好自己,0
谎,0
败家爷们,0
洪尚,0
初心,0
做人最紧要就系开心喇,0
芯芯葙茚,0
月亮,0
情,0
意念,0
别来无恙,0
咿呀范帅锅,0
老伴,0
钱,0
大掌楷,0
大海,0
十一月的北方,0
我飘了,0
阿悦,0
人帅路子狠,0
陈震山,0
外加剂专员销售,0
还不是因为你长的不好看,0
小治,0
刀疤男奸笑,0
陆笙,0
苹果,0
豹豹,0
家包包首饰招代理,0
电视台老李,0
哇系呆呆,0
璐,0
鲨鱼,0
怪咖屋号店铺,0
白露为霜,0
郑英杰,0
陈皇名,0
龙头老大,0
刁承钰,0
王牌,0
来妹妹怀里吗,0
黄楷棠,0
小蔡,0
帅气的路灯,0
宇泽,0
平凡生活是福,0
喝茶汪财,0
中山西区昌盛汽配城,0
盛泰壹茗轩茶叶行啊达,0
孔炎锋,0
陈世美,0
乐天,0
诺言,0
黄俊生,0
黄超,0
波叔,0
王世名,0
一叶,0
自律的人生,0
阿臣呐,0
赖大星,0
坠梦君,0
天月凛,0
黄小宝,0
宽容是一种坦荡,0
禾不拢嘴,0
钟翰林,0
正矿路易十三,0
打怪兽的奥特曼,0
西伯利亚狼,0
何文文,0
钟爱一生,0
兜兜里没糖,0
雨夜,0
振诺,0
老人家,0
阿驣,0
别惹我烦着呢,0
青烟绕指柔,0
小高,0
简先生,0
造物之前必先造人,0
丁麒轩,0
西风瘦马,0
齐心,0
想你是我戒不掉的习惯,0
王老恶,0
南洋,0
陈琪琳,0
下落不明,0
豪,0
艾瑞克,0
阿臣,0
使,0
钟杰,0
吴宥霖,0
凝,0
默默,0
万般皆是命,0
蔡佳鑫,0
司令,0
柯秀贵,0
木目心人尔,0
吴文基,0
哦哦哦,0
雷斗淼,0
瘦子,0
小迷妹,0
镫笠,0
帕拉图式守护,0
奥利奥,0
廖振维,0
纯风,0
大爷,0
美卿,0
楡井,0
浅吻,0
呆沫,0
墨染殇回忆,0
平安是福,0
心如柠檬天然酸,0
寇万岁,0
仅有的时刻,0
吉祥物,0
安朵,0
园,0
兰妹,0
周一恒,0
别回头,0
厨二病大嫌,0
否极泰来,0
终极无限,0
金钱美酒香烟,0
嘉玲,0
叶志峰,0
迷男,0
不知名的酒,0
孙瑞,0
苏大秀,0
买了否愣,0
日久见人心,0
语文是我的强项,0
山河暮归,0
马里奥胖叔叔,0
程双,0
可尼,0
渡,0
宽松,0
时光倒流,0
充实自己,0
西入爱璃羽,0
小凤凰,0
勇哥,0
欸讹误唷,0
王岩,0
陈江冲,0
刘浩,0
胖孩,0
汫洲蚝店,0
笑狼,0
奈何,0
就是,0
颖,0
将军肚,0
老马,0
丶瑞,0
白衬衫老胡同,0
陌,0
胜,0
荒木洸太郎,0
赌博有来回,0
阿玉,0
小柒,0
心肝宝贝,0
古意狼,0
修心,0
来看看,0
杨阳,0
男人唔易做,0
高昧霜,0
傻小涛,0
方建智,0
流年谁许谁,0
庄严枫,0
南分楠舍,0
豆苗,0
绪方优一,0
十亿,0
乐府绝唱,0
林文钦,0
百发百中,0
小林和幸,0
马,0
安仔,0
山口,0
将広,0
台湾购,0
魁星阁,0
吹牛大炮,0
别开玩笑了,0
陈星杰,0
斋藤真子,0
坏人,0
柘榴猫,0
烟不离手老酒老友,0
松浦,0
缘梦似梦,0
好运气一直有,0
长大,0
帕加尼,0
陌悉,0
陈旭铭,0
孤巷,0
浩宇哥,0
有问题,0
林忠庆,0
痴,0
玉,0
白大约,0
阿强俊强,0
不落的太阳,0
予我深情,0
万上多一点,0
知行明叶,0
刘慧君,0
丿铁甲小宝,0
黄哥,0
赵哥,0
乖乖兔,0
想像,0
杰等你,0
紫南宫,0
谁敢挑战我,0
蒙蒙,0
叶日文,0
多啦梦,0
我是你得将来,0
沈谚,0
呃呃,0
沉默卜湜罪,0
游田豪,0
大尾巴狼,0
大大雄,0
四月,0
清清水滴,0
生无可恋,0
无名小子,0
全魏,0
赛老板,0
瘦死的骆驼比马大,0
聪聪,0
相忘于江湖,0
凸腾,0
吴亦凡,0
翁林文,0
墓,0
乐呵乐呵,0
鬼王,0
向往着未来,0
复活岛,0
赌王,0
广龙三金,0
小琪吖,0
杨,0
爱你如初,0
星旋,0
今天也很丧,0
赤色,0
小马,0
李月李月,0
唿噜娃,0
黄博亮,0
汇钱找我,0
空白丶,0
李仁姗,0
陈仁达,0
一路向西,0
来自星星的恩,0
吴翰,0
风一族,0
小孩,0
铭,0
如果,0
阿蓝,0
窑子,0
飞鹤大师兄,0
旭阳,0
懂我不言,0
的关心,0
双儿,0
可乐,0
牧,0
寄曲束菀令,0
那年一路向前,0
陈小瞳,0
佐藤大辉,0
丁吉家宴一条龙,0
我可以弯腰,0
何智勇,0
陈千霈,0
悲喜,0
吥弃,0
韩硕,0
安娜御爱园大,0
木头人,0
随心所遇,0
这么多年了,0
贝利马列斯,0
亀山贤心,0
慈强,0
五十二赫兹,0
小笼哥,0
胖小胖,0
味淡如水形淡如烟,0
哼哼,0
白板,0
谭明诗,0
刘昌德,0
小韩,0
老雷,0
明明白白,0
恍恍惚惚,0
鹏程万里,0
倾恨,0
妳很厉害吗,0
阿鸿,0
枣阳市拼个串胡大大,0
阿彪信息部,0
哈哈,0
荡心,0
俞超成,0
枫,0
我就是矿,0
余生只为等你,0
神神叨叨,0
宏伟吖,0
教主菇凉,0
怡嘛带,0
刚桥本,0
东先僧,0
好硬,0
卢旺达难民,0
无为,0
老公,0
暮色之光,0
备用钱包用钱联系我,0
孔子,0
小笨珠,0
莲香,0
稳得客运动器材有限公司戴耀宏,0
邵彬彬,0
店小二,0
美丑不过皮,0
全面通缉,0
朂孰悉哋帞泩亾,0
诺辰之睿,0
白翼,0
鞋都跑飞了,0
桂伟华,0
无往不利,0
巫冠庆,0
你快到我碗里来,0
右岸亦怜度年华,0
呐,0
柊斗,0
我爱绫老婆,0
然然粑粑,0
逆水行舟,0
高伟智,0
一生,0
旧梦巳迣,0
老二,0
王者荣耀专用,0
什么事,0
海纱,0
小登哥,0
我爱我媳妇,0
归零,0
陌生人,0
业宗,0
秦明飞,0
任风吹,0
阿万快来看我,0
中铁郭靖,0
林家燕,0
我心狂野,0
阿祥,0
燐炼,0
周浩,0
柒,0
何杰,0
坚定的泪光,0
暮念,0
笔记本,0
心念,0
世界没有如果,0
是种感觉,0
方泽健,0
鬼太郎,0
蓝莓,0
依旧嘉诚,0
一腔孤勇,0
佰易房产中介李生,0
回蒙一笑,0
藤原雅紫,0
魏星,0
金假仙,0
姚家三姐,0
吴英川,0
沫,0
齐祖进,0
简单幸福,0
黄俊贤,0
选择失忆,0
温和,0
摄影晓伟,0
易拎,0
赵艳秋,0
邓大剩,0
分期小额信贷抖我,0
文翔,0
宝音,0
江小佑,0
徐伯村,0
闇夜,0
一段云,0
换个,0
柏勲,0
此无牵挂,0
啊祥,0
戸田龙希,0
没的照明,0
念由心生,0
眼泪的错觉,0
飓风,0
王志君,0
那个谁,0
济南大帅,0
沈梓彤她爹,0
轩,0
作品好人,0
控制控制在控制,0
昌桦,0
抛弃,0
金少,0
信用贷款咨询,0
咖啡厅,0
你六毛我六毛咱俩一块二,0
小木头,0
熊浪子,0
仁,0
孙悟空身胜手极,0
杨十,0
豆豆爬宠,0
河南同辉医疗,0
希希,0
风云,0
何智平,0
毁吢,0
丁,0
今夕何夕,0
郑达海,0
涟,0
往后余生,0
封情挚爱,0
安凉,0
白痴,1
他娘的,1
陈尼玛,1
你妈的,1
渣男cnm,1
尼玛、撞到我了,1
操你王八蛋,1
擦你吗的,1
Janjan SB,1
Sñø Bøý,1
干死客服,1
ken sb,1
坑逼货,1
干你娘勒很难赢,1
FU______CK,1
Nitha Fernandre Stm,1
人贱,1
我TM就是犯贱,1
尼玛1234,1
操你妈,1
一位不知名的沙雕艺术家,1
c~n~m~,1
stupid bitch,1
殷操,1
去她妈,1
Ms Bitch,1
草,1
狗逼这么坑,1
Shit game!!!,1
操你妈游戏,1
干他吗,1
渣男不聊天,1
小嘴儿别太贱,1
bitch game,1
狗蛋,1
操你媽的傻逼,1
贱种,1
偶素烂人,1
你死持卡,1
去你妹逼,1
沙雕歪果佬,1
张慧小傻逼,1
肥西,1
肛门,1
贱人就是矫情,1
他MA的逼,1
艹口木虫贝,1
Amani 尼玛,1
N0 N@m€,1
草泥马贱人,1
要滚就滚远点操,1
Fuck You,1
fuck,1
干你酿,1
我就是渣男啊,1
小泽园,1
'~Fuck',1
他妈,1
Fuck.,1
贱者无敌,1
奶奶的,1
sb太多,1
我操你妈的台湾金侯爷,1
贱人,1
草妈,1
操你老妈,1
日本人是猪吗?,1
Fuck Moonton,1
干你賤人,1
死全家,1
你妈,1
草泥马金猴爷,1
干妳马,1
Ken sb,1
Tmd Zane,1
fuck u asshole,1
金猴爷死妈,1
A'Tonton SB,1
妖也是妖他妈生的,1
二B,1
傻b,1
脑残了一下，咋对你入迷了,1
瞎鸡巴打,1
你媽逼幹,1
生活僦两字――硪艹,1
它妈的,1
N_M_B,1
再输不玩艹,1
Tmd SB,1
我去🐂屎,1
你个狗批,1
Bitch,1
FUCK THIS GAME,1
我是傻逼,1
狗屎蛋,1
大意了，还以为是个屁,1
混蛋,1
废物先生,1
Nấm,1
承接各类装修垃圾清运SB,1
TM,1
抽烟ゞ只为麻痹我自己,1
卧槽天使,1
神经病,1
干她妈的,1
你它妈的,1
他妈的,1
妳裑上嘚菋檤艹,1
李麻痹,1
A我妈不让我跟傻逼玩,1
HolyShit,1
人贱人爱,1
妈的b幹你娘,1
卧槽!,1
Năm Bà,1
狗屁爱情故事,1
烂人.,1
彻头彻尾渣男,1
fuck it up,1
妳马的,1
TMD,1
游戏公司丝全家,1
Acik SB,1
fuck you,1
Sb人,1
你妈,1
fuck&fuck,1
操你大爷!,1
它妈的,1
Fuck everyone,1
mmp!,1
尼玛比,1
破尼玛游戏,1
这游戏你麻痹坑,1
晓雯amy王八蛋,1
去妳妈,1
şíĺàñ Màñ üťd,1
干你妈的,1
新加坡人全是狗,1
贱人就是矫情。,1
我干你随意,1
fuck傻B,1
烂人,1
臭狗屎,1
Fuck all TM,1
YOUBITCH,1
你若安好哎呦卧槽,1
垃圾游戏,1
呗尼玛蒂斯,1
抽烟只为麻痹我自己,1
AhPhea SB,1
你二大爷,1
SY加油你是最TM没用的,1
操你妈屄,1
妈了个比,1
贱种,1
小僧法号脑残,1
草尼马,1
操鶏,1
妳娘老鸡掰,1
玩 你 嬷 个丑 逼,1
去他妈,1
md,1
丑逼,1
金侯爷！去你妈的B,1
我是你祖宗,1
沙雕网友呀i,1
师傅干死金猴爷,1
妳娘的,1
一表人渣,1
干你,1
机器人卧槽尼玛,1
抢尼玛B,1
哎呦卧槽,1
luck n fuck,1
fuck u,1
龟儿子,1
操波霸,1
尼妈逼,1
网易sb,1
AnnDa SB,1
小傻逼,1
草你,1
suu001050SB,1
朽木不可雕，sb不必交,1
擦你B,1
一堆Sb,1
狗几把游戏,1
You are a bitch,1
Fuck·,1
死妈的彩票,1
《你骚。我贱。浪迹天涯》,1
同你死过,1
艹Ni活腻ㄋ,1
处蛋吧你妈说我虎,1
偷香,2
杜冷丁,2
毒药,2
C4,2
摇头丸,2
深爱是含笑饮砒霜,2
未亡人,2
白粉,2
weed,2
毒药!,2
巴雷特,2
美味毒药,2
摇头丸,2
💊毒～药,2
我是毒药、亦是解药,2
沙漠之鹰,2
毒药国际,2
·毒药,2
可卡因,2
麻醉乙醚,2
小毒药,2
大麻油,2
极品海洛因,2
TNT,2
彩金,2
毒药,2
TNT,2
沙漠之鹰,2
含笑饮砒霜,2
戦龙军刀,2
TNT,2
淫荡少妇穴,3
阴蒂,3
hotsex,3
屌太大,3
现实太狗、社会太屌,3
肉壁,3
风吹裤裆鸡鸡凉,3
淫贱,3
干妳老妈,3
阴部,3
淫女疯狂偷情,3
插入阴道,3
毛妈逼,3
林心如毛片,3
嫩B弓虽女干,3
屁股,3
韩咪咪,3
日本骚货,3
淫妇自慰,3
小赢几把,3
色狐狸,3
MM的小穴,3
毛性爱,3
性交无码,3
淫流,3
色书库,3
肉丝裤袜,3
交换夫妻,3
黄片,3
吸阳具,3
骚乳,3
毛迷奸药,3
批水多口活讚好射精,3
雪白屁股,3
密穴,3
裸体少妇,3
屌妳,3
淫妻的穴,3
骚B穴,3
造爱,3
成人色网,3
操他,3
强姦犯,3
意乱情迷,3
操她,3
鸡巴对准穴口,3
媚药,3
鸡吧菊花穴,3
招妓,3
鸡八毛,3
无码,3
性虐,3
操插你,3
无码淫漫,3
骚屄,3
无码无套,3
g片,3
啪啪啪,3
藤井彩,3
常常感觉屌哒,3
情色天崖,3
逼痒,3
玉穴,3
18岁淫乱,3
黄片,3
啪啪啪啪啪啪,3
嫖妓,3
舔奶盖的小男孩,3
风尘劫,3
江湖淫娘,3
做ai,3
跟姊姊做爱,3
妹妹小穴,3
机八,3
肉粒,3
成人色情,3
奸杀,3
jj鸡鸡,3
阴道好紧,3
3号我想干你,3
深喉,3
统一AV又露乳,3
淫色网站,3
动漫色图,3
舔乳晕,3
petgirl,3
薄码,3
淫电影a片,3
性色俱乐部,3
大奶,3
口交,3
A杜蕾斯&滴露,3
日你爷爷,3
小逼,3
圣泉学淫,3
颜骑,3
妈比,3
性交电影,3
舌头舔小肉缝,3
甜糯杂碎～,3
阴唇,3
作爱,3
激情导航,3
夜总会,3
胸涛乳浪,3
抚摩她的嫩穴,3
淫蕩穴,3
处女,3
屌7,3
口交ㄔ艮大,3
小嫩逼,3
大鸡巴太棒了,3
入穴一游,3
小淫女,3
夕树舞子,3
阴毛,3
小穴淫图,3
淫奸女教师,3
惠美梨,3
奸淫嫂嫂,3
小比比,3
菊花,3
ｃａｏ你,3
阴屄,3
催情水,3
淫奸处女,3
吸精少女,3
肉棍,3
诱姦,3
肥逼,3
处女阴道库,3
小明JJ,3
xiao77,3
淋病,3
狼友,3
处女膜,3
jiejie的小穴,3
嫩阴唇,3
淫声浪语,3
小女嫩穴,3
淫妞,3
骚妹,3
毛卖B,3
操你爸,3
淫荡奶妈,3
暴奸,3
买春,3
骚批,3
狂插,3
A片推荐,3
激情裸体,3
奸淫,3
捅你,3
一见面就勃起,3
美少妇,3
你是小鸡鸡我是大鸡鸡,3
摸你鸡巴,3
性交极品大片,3
干你老比,3
淫女浪穴,3
三级电影,3
迷魂药,3
屌你婆婆,3
舔小穴,3
白石瞳,3
插阴,3
集体性爱,3
迷幻药,3
淫电影网,3
春光外泻,3
弓虽女干,3
自慰杀志颜射,3
无码片,3
小姨的穴,3
臭屌,3
裸体插淫穴,3
生奸内射,3
操比,3
日死,3
妓女,3
射爆你屁股,3
淫女淫洞,3
无码内射,3
乳爆,3
淫洞,3
拔出来,3
妹妹的嫩屄,3
免费淫女,3
穴爽,3
AV女优,3
床上功夫,3
黑逼,3
贼鸡儿菜,3
逼痒,3
折翼天使,3
强淫女优,3
激情聊天室,3
淫腔,3
淫蜜,3
小泽玛莉亚,3
口活,3
阴部,3
无码炮图,3
杨思敏,3
操插你妈,3
淫乱熟女,3
毛小鸡鸡,3
明玉蒲团,3
肥阴唇,3
群奸乱交,3
骚浪人妻,3
强奸全过程,3
淫B浪女,3
肥B,3
骑着草泥马环游世界,3
S.M,3
s.m,3
贱比,3
成人图片,3
人皮高跟鞋,3
齐天大性之大破盘丝洞,3
免费淫,3
操臭化西,3
她的阴道真紧,3
毛鸡奸,3
性爱插穴,3
老湿我想上穴,3
呸ㄣ你丫奶头咋是咸嘚,3
射湿它,3
成人激情,3
淫乱学园,3
骚B,3
淫色,3
你好胸我没胸,3
灌满精液,3
滑入阴道,3
干你妈逼,3
阴户,3
三级片,3
阴水,3
欧美两性淫乱,3
亚洲淫娃,3
穴淫,3
错逼,3
骚逼,3
放荡少妇,3
奸染,3
女教师裕美放课后,3
舔脚,3
援助交际,3
御の二代目,3
大乳,3
妹妹淫图,3
激情影院,3
揉阴核与嫩肉,3
阴茎勃起,3
吊大,3
倾她城做她王脱她衣上她床,3
比人屌啦,3
Jüü Bîî,3
肉逼,3
情色视频聊天,3
淫逼,3
boobs,3
蜜洞,3
超级淫图,3
风骚侍女,3
奶挺臀翘,3
A美国JB汽车润滑油黑龙江总代理,3
熟女俱乐部,3
草的你妈,3
毛三级片,3
五月天,3
换妻,3
打!炮,3
吞精骚妹,3
裹本,3
阴茎插入肉洞,3
强奸,3
操插深些,3
口爆,3
互舔陰部,3
骚母,3
菜逼,3
骚货,3
摇头玩,3
激情在线,3
勃起恐怖症(インポ),3
鸡奸,3
狗娘养的,3
穴穴好香,3
操鸡,3
色迷城,3
屁眼,3
成人免费,3
大屌屌,3
无毛穴,3
幼幼,3
日逼,3
wen陰道,3
夜色淫女导航,3
虐待,3
裤袜,3
露阴照,3
肏,3
小舔,3
暗中瞎jb观察,3
吹喇叭,3
丝诱,3
色区,3
咪咪啦,3
你妈逼,3
龟头插小穴,3
淫色猎暴淫,3
烂屄,3
操戳你,3
性奴,3
約人打炮,3
情色小说,3
哥哥的大肉棒,3
靠你妈奶子,3
妓,3
流出大量淫水,3
射颜,3
jj打炮,3
欧美大乳,3
ジ纯洁屌孩子,3
羞耻母,3
色妹妹,3
性爱社区,3
色情男女,3
色情成人,3
及川奈央,3
草你妈,3
来插我,3
加v看我喷水,3
忧伤的杜蕾斯,3
fuck,3
妈逼,3
一夜情,3
日他娘,3
不打炮就等死,3
肉棒插,3
骚水,3
浪妇,3
翻唇舔穴,3
菊花穴,3
妈卖批,3
婊 子配狗  汉子配酒,3
强奸制服诱惑,3
波多野结衣,3
肉棒,3
色站导航,3
含住我的小鸡鸡,3
美体艳姿,3
淫女,3
操屄,3
杂种,3
风艳阁,3
浪叫,3
梅毒,3
操母狗,3
我下面给你吃,3
淫荡女生,3
无码体验,3
毛烂屄,3
性高潮,3
妈比,3
求包养,3
淫奸医生,3
淫浪,3
色mm的嫩穴,3
干的爽,3
性虎色网,3
淫奸姐姐论坛,3
淫荡老师穴,3
疯狂做爱,3
Prisoner,3
性事奇趣录之阉夫,3
舔你妈B,3
淫妻浪女小说,3
激情成人网,3
狗卵子,3
adult,3
裸照,3
上下芬微wd7957,4
收售分加微gg79536,4
上下芬微wd7957,4
上下分加薇969805358,4
上下芬微wd7957,4
上下分加薇w83e83,4
上下分微417077603,4
上下分加微417077603,4
收售分加微kk68840,4
上下芬微wd73322,4
上下分微加我rr71883,4
上下芬微wd7957,4
上下分微加我kk04153,4
上下分加薇417077603,4
上下分加薇752323688,4
上下芬微wd73322,4
上下芬微wd73322,4
勇（金点广告）15671353755,4
上下分加微417077603,4
收售分加微rr73778,4
上下芬微wd73322,4
上下芬微wd7957,4
上下分加微752323688,4
上下芬微wd8773,4
上下分加薇f89w98,4
上下分薇969805358,4
上下分加微rr71883,4
上下芬微wd7957上下芬微,4
上下芬微wd73322,4
上下分加薇b86w68,4
上下芬微wd73322,4
上下芬微wd7957,4
上下分微加417077603,4
上下芬微wd8773,4
收售分加微kk04153,4
上下芬微wd73322,4
上下分加微y86w36,4
上下芬微wd73322,4
上下分微417077603,4
上下芬微wd73322,4
上下分加微w83e83,4
收售分加微kk04153,4
上下芬微wd73322上下芬,4
上下芬微wd73322,4
收售分加微as123k88,4
上下芬微wd7957,4
收售分加微rr73778,4
上下芬微wd7957上下芬微,4
上下芬微wd7957,4
上下分加薇b86w68,4
上下芬微wd7957,4
上下芬微wd73322,4
上下分微加我ee66k55,4
上下分微加我bb14603,4
上下芬微wd73322,4
上下芬微wd73322,4
速诚印刷15016951641,4
上下分微加我ee66k55,4
上下分加hh123k66,4
上下分加薇f89w98,4
上下芬微wd73322,4
收售分加微gg79536,4
上下芬微wd7957,4
上下分加我微58401720,4
上下芬微wd73322,4
收售分加微ww22q22,4
上下芬微wd73322,4
上下芬微wd73322,4
上下芬微wd73322,4
收售分加微gg79536,4
上下芬微wd73322,4
上下分加微f89w98,4
收售分加微ww22q22,4
上下芬微wd73322,4
上下分加微f89w98,4
上下芬微wd73322,4
上下芬微wd73322,4
收售分加微ww77kk7,4
上下芬微wd73322,4
收售分加微yy14603,4
上下芬薇xhxx86,4
上下芬微wd7957,4
上下分加微f89w98,4
收售分加微rr71883,4
上下分薇417077603,4
上下芬微wd73322,4
上下分加薇752323688,4
上下芬微wd7957,4
上下芬微wd73322,4
上下芬微wd7957,4
上下分加微584017200,4
小施医生17182575999,4
上下分加我微58401720,4
加微上下分f89w98,4
上下分加微f89w98,4
上下芬微wd73322,4
上下芬微wd89911,4
上下芬微wd8473,4
收售分加微584017200,4
上下芬微wd73322,4
上下芬微wd7957,4
上下芬微wd73322,4
上下芬微wd73322,4
上下分微w83e83,4
收售分加微rr71883,4
上下分加薇f89w98,4
上下芬微wd73322,4
上下分微加我ee66k55,4
上下分加薇b86w68,4
上下芬微wd73322,4
上下芬微wd7957,4
上下芬微wd73322,4
收售分加微584017200,4
上下芬微wd7957,4
上下芬微wd7957,4
上下芬微wd7957,4
上下分加微f89w98,4
收售分加微shun02202,4
收售分加微r r 71883,4
上下分加微584017200,4
上下芬微wd7957,4
上下分加微417077603,4
上下分加微f89w98,4
上下分加微f89w98,4
上下芬微wd73322,4
上下芬微wd7957,4
上下芬微wd73322,4
上下分加薇b86w68,4
收售分加微rr73778,4
上下芬微wd73322,4
上下分加微y86w36,4
上下分微kf770809,4
上下分微f89w98,4
上下芬微wd73322,4
上下分加y84x89,4
上下芬微wd7957,4
上下分加薇752323688,4
上下分加微y84x89,4
上下芬微wd73322,4
上下芬微wd73322,4
上下分加我微58401720,4
上下分微加f89w98,4
上下芬微wd73322,4
上下芬微wd73322,4
上下分加薇y84x89,4
上下芬微wd7957,4
上下分加薇417077603,4
上下芬微wd73322,4
上下分微加我ee66k55,4
上下芬微wd73322,4
上下芬微wd7957,4
上下芬微wd7957,4
陈加伟15261968257,4
上下芬微wd73322,4
上下分微y86w36,4
上下芬微wd7957,4
上下分加薇f89w98,4
收售分加微gg79536,4
上下分薇b86f86,4
上下分微417077603,4
上下芬微wd73322,4
上下芬微wd73322,4
上下芬微wd7957,4
上下芬微wd7957,4
上下芬微wd7957,4
上下芬薇xhxx86,4
上下芬微wd7957,4
上下芬微wd73322,4
收售分加微kk04153,4
收售分加微r r 71883,4
上下分薇417077603,4
加微上下分417077603,4
上下芬微wd73322,4
上下芬微wd7957,4
上下芬微wd73322,4
上下分微f89w98,4
上下芬微wd7957,4
上下分加薇417077603,4
上下分微加我dd84319,4
上下芬微wd7957,4
上下芬微wd73322,4
收售分加微ww22q22,4
上下分微kf770809,4
收售分加微584017200,4
上下芬微wd73322,4
上下芬微wd7957,4
上下分微f88b66,4
上下分微kf770809,4
收售分加微584017200,4
huawei75bt@gmail.com​,4
上下芬微wd73322,4
上下芬微wd73322,4
上下分微417077603,4
上下分加f89w98,4
上下分加微417077603,4
上下芬微wd7957,4
上下芬微wd73322,4
上下分微加我dd33kk33,4
上下芬微wd7957,4
上下芬微wd73322,4
上下芬微wd7957,4
上下分加我微58401720,4
A圆通小胡：13317498500,4
上下芬微wd73322,4
苹果维修👉15057048930👈,4
上下芬微wd73322,4
上下分微y86w36,4
上下分加微f89w98,4
收售分加微kk14604,4
收售分加微rr73778,4
上下芬微wd7957,4
上下芬微wd7957,4
上下芬微wd73322,4
上下芬微wd73322,4
收售分加微kk68840,4
上下分加薇b86w68,4
上下分加微f89w98,4
上下分微加f89w98,4
上下芬薇xhxx90,4
上下分微加我dd84319,4
收售分加微584017200,4
上下芬微wd73322,4
上下分加微f89w98,4
上下分加微969805358,4
上下芬微wd73322,4
收售分加微ee66k55,4
收售分加微584017200,4
收售分加微ww22q22,4
上下分加y86w36,4
上下分薇969805358,4
上下分薇969805358,4
上下分加薇b86w68,4
出售金bi微cx008927,4
上下分微417077603,4
收售分加微rr73778,4
收售分加微hh123k66,4
上下芬微wd73322,4
上下芬微wd73322,4
上下芬微wd8773,4
镂空瓷专卖(方)15727675124,4
上下分加薇417077603,4
上下芬微wd7957,4
上下芬微wd73322,4
上下芬薇xhxx86,4
收售分加微as123k88,4
上下芬微wd73322,4
上下芬微wd73322,4
上下分微加我kk04153,4
上下芬微wd73322,4
上下分加薇f89w98,4
上下芬微wd7957,4
上下芬薇xhxx86,4
收售分加微584017200,4
上下芬微wd7957,4
上下芬微wd73322,4
上下芬微wd7957,4
上下芬薇xhxx90,4
上下分加薇752323688,4
上下芬微wd73322,4
上下分加微f89w98,4
上下芬微wd73322,4
收售分加微hh123k66,4
上下芬微wd7957,4
收售分加微kk68840,4
上下分加微f89w98,4
上下芬微wd73322,4
收售分加微gg79536,4
上下分加微y86w36,4
上下分加微y86w36,4
收售分加微hh123k66,4
上下分微加我ee66k55,4
上下分薇xhxx86,4
上下芬薇xhxx86,4
上下芬微wd73322,4
上下芬微wd73322,4
上下分加微584017200,4
上下分加微w83e83,4
收售分加微rr73778,4
AAAA一诺酒水  18791987834,4
上下芬微wd73322,4
上下分加薇752323688,4
收售分加微584017200,4
上下芬微wd73322,4
上下分加微f89w98,4
收售分加微rr73778,4
上下分微加f89w98,4
上下分加f89w98,4
上下分加薇752323688,4
上下分微y86w36,4
上下芬微wd73322,4
收售分加微rr73778,4
上下分加微752323688,4
上下分微y86w36,4
上下芬薇xhxx86,4
上下分加薇y84x89,4
上下芬微wd8773,4
上下分加薇417077603,4
上下分加我微58401720,4
ac顺兴汽车维修厂15915046631.68,4
上下分加微f89w98,4
加微上下分b86w68,4
上下芬微wd7957,4
上下分微加f89w98,4
上下芬薇xhxx86,4
上下芬薇wd8751,4
上下芬微wd73322,4
上下分微417077603,4
上下芬微wd7957,4
上下分加微b86f86,4
上下分薇969805358,4
收售分加微as123k88,4
上下芬微wd8773,4
上下分加y86w36,4
上下芬微wd73322,4
上下芬微wd73322,4
上下芬微wd7957,4
上下芬微wd73322,4
上下分微417077603,4
收售分加微rr73778,4
上下芬微wd7957,4
上下芬微wd7957,4
收售分加微r r 71883,4
上下芬微wd7957,4
上下分加我微58401720,4
上下分薇417077603,4
上下芬微wd7957,4
上下分微加f89w98,4
上下芬微wd73322,4
上下分加我微58401720,4
上下芬微wd73322,4
上下分加薇w83e83,4
上下芬微wd73322,4
上下分微417077603,4
上下分加f89w98,4
罗伟利℡₁₃₅₅₄₈₈₄₇₇₄,4
上下分微752323688,4
上下芬微wd7957,4
上下芬微wd7957,4
上下芬微wd73322,4
上下芬薇xhxx90,4
上下芬微wd7957,4
上下分微f89w98,4
上下芬微wd73322,4
上下分薇b86f86,4
上下芬微wd73322,4
收售分加微rr73778,4
收售分加微gg79536,4
上下芬微wd73322,4
钱场申通13197135218,4
上下芬微wd73322,4
上下分加417077603,4
上下芬微wd73322,4
上下芬微wd73322,4
邵宏伟13666728759,4
上下芬薇xhxx90,4
上下芬薇xhxx90,4
上下分微417077603,4
上下分微加我dd33kk33,4
上下芬微wd73322,4
上下分微f89w98,4
上下芬微wd73322,4
上下芬微wd7957,4
上下分加微584017200,4
上下分V:semmccss,4
上下分加薇b86w68,4
上下芬微wd73322,4
上下分微752323688,4
上下芬微wd73322,4
上下芬微wd73322,4
上下芬微wd73322,4
上下分微加我bb14603,4
上下分薇969805358,4
收售分加微rr73778,4
上下芬微wd7957,4
上下分加薇b86w68,4
上下分微y84x89,4
上下芬微wd73322,4
上下分加薇752323688,4
上下芬微wd73322,4
上下芬微wd73322,4
上下分加薇417077603,4
上下分薇969805358,4
上下芬微wd7957,4
上下芬微wd73322,4
上下分微加f89w98,4
上下分薇b86f86,4
上下分加微w83e83,4
上下分加微584017200,4
上下芬微wd73322,4
收售分加微hh123k66,4
上下分加微417077603,4
上下分加微bb14603,4
4百2亿币钻+微wstxx4,4
上下分微加我ee66k55,4
上下芬微wd73322,4
上下芬微wd73322,4
上下芬微wd7957,4
上下芬微wd73322,4
上下芬微wd7957,4
上下分加微f89w98,4
上下分加微752323688,4
上下芬微wd73322,4
6百5亿金币微jhye18,4
上下芬微wd7957,4
上下芬薇xhxx86,4
上下芬微wd8773,4
上下分薇xhxx86,4
上下芬微wd73322,4
上下芬微wd7957,4
上下芬微wd7957,4
上下分微加我ak32775,4
上下芬微wd8773,4
上下分加薇752323688,4
上下芬微wd7957,4
上下分微y86w36,4
上下分微y86w36,4
上下芬微wd7957,4
上下芬微wd7957,4
上下芬微wd88330,4
上下分加微969805358,4
上下芬微wd7957,4
上下芬微wd7957,4
收售分加微as123k88,4
上下分加微f89w98,4
上下芬微wd7957,4
上下分微y86w36,4
上下芬微wd7957,4
上下芬微wd73322,4
上下芬微wd73322,4
上下分微417077603,4
上下芬微wd73322,4
上下芬微wd73322,4
上下芬微wd7957,4
上下分微加我dd84319,4
上下分加微y86w36,4
上下芬微wd7957,4
上下芬微wd73322,4
送分加微信：wei53922,4
上下分微加我kk04153,4
收售分加微gg79536,4
上下芬微wd73322,4
A铲车挖机自卸车出租15967813960,4
收售分加微rr73778,4
上下分加微417077603,4
上下芬微wd73322,4
上下芬微wd7957,4
收售分加微584017200,4
上下分加微y86w36,4
上下分加微f89w98,4
上下分微417077603,4
上下芬薇xhxx86,4
上下芬微wd73322,4
上下分微加我ak32775,4
上下芬微wd73322,4
上下芬微wd73322,4
上下芬微wd73322,4
上下芬加薇yfsx01,4
上下分加微y86w36,4
上下芬微wd7957,4
上下芬微wd7957,4
上下分加微rr71883,4
收售分加微gg79536,4
上下芬微wd73322,4
加V18855544262,4
上下分微加我ee66k55,4
上下芬微wd7957,4
上下分加我微58401720,4
上下分微加我ee66k55,4
上下芬微wd7957,4
上下芬微wd73322,4
上下芬微wd73322,4
收售分加微ww22q22,4
上下分加微969805358,4
上下分加微y84x89,4
上下芬微wd7957,4
上下分微y86w36,4
上下芬微wd7957,4
收售分加微rr73778,4
上下芬薇xhxx86,4
上下分微752323688,4
上下分加薇752323688,4
上下分薇417077603,4
收售分加微rr71883,4
上下芬微wd7957,4
上下芬微wd8773,4
上下分加我微58401720,4
上下芬微wd7957,4
上下芬微wd7957,4
上下分加微w83e83,4
阿龙13917281134,4
上下芬微wd73322,4
上下分微加我bb14603,4
上下芬微wd73322,4
上下分加微y86w36,4
上下分微加我ee66k55,4
收售分加微kk68840,4
上下芬微wd8773,4
上下芬薇xhxx86,4
上下芬微wd7957,4
上下分加微584017200,4
上下芬微wd73322,4
上下芬微wd73322,4
上下分加薇f89w98,4
上下芬微wd7957,4
上下分加微y84x89,4
上下分加微f89w98,4
上下分加微417077603,4
上下分微417077603,4
上下芬微wd73322,4
小卢15716777388,4
上下芬微wd73322,4
收售分加微gg79536,4
上下分加微f89w98,4
上下分加f89w98,4
收售分加微kk68840,4
收售分加微584017200,4
上下芬微wd73322,4
上下芬微wd7957,4
上下芬微wd73322,4
上下分加微752323688,4
上下分微417077603,4
收售分加微kk04153,4
收售分加微r r 71883,4
上下芬微wd8773,4
上下分加微f89w98,4
上下分微加我kk04153,4
上下芬微wd73322,4
上下芬微wd73322,4
上下芬微wd73322,4
上下分加薇752323688,4
上下芬微wd7957,4
上下芬微wd73322,4
上下芬微wd73322,4
上下分微加我kk04153,4
上下芬微wd7957,4
上下分加微f89w98,4
收售金bi微cx008927,4
收售分加微rr71883,4
上下芬微wd73322,4
上下分加微f89w98,4
上下分加微y86w36,4
收售分加微gg79536,4
上下分加微f89w98,4
收售分加微rr73778,4
上下芬微wd73322,4
上下芬微wd73322,4
武略食品供应商   小林13802699964,4
上下芬微wd73322,4
收售分加微ww22q22,4
上下分微加我ee66k55,4
上下芬微wd7957,4
上下分微f88b66,4
上下分微加我ee66k55,4
上下分微f89w98,4
上下分微加我ee66k55,4
收售分加微ee66k55,4
上下分微加f89w98,4
收售分加微584017200,4
上下分微加我tt432775,4
上下芬微wd73322,4
AAA卓飞 13044068885,4
上下芬微wd7957,4
上下芬微wd73322,4
上下分加微f89w98,4
收售分加微ww22q22,4
收售分加微rr73778,4
收售分加微rr73778,4
上下分薇417077603,4
上下芬微wd7957,4
上下芬微wd73322,4
上下分加微y86w36,4
上下芬微wd73322,4
收售分加微kk04153,4
上下分微加我tt432775,4
上下分加微y84x89,4
收售分加微kk68840,4
上下分加微417077603,4
上下芬微wd7957,4
🌟张文林15001848680,4
上下分微加我dd84319,4
上下分微f89w98,4
上下芬微wd73322,4
Wei Min Teoh,4
上下分微加f89w98,4
上下分微y86w36,4
上下芬微wd73322,4
上下分微y84x89,4
上下分加微752323688,4
上下芬微wd73322,4
上下分加微752323688,4
范中17869415096,4
收售分加微584017200,4
上下芬微wd73322,4
上下分加微y84x89,4
收售分加微rr73778,4
pp0900283901,4
上下分微加我ee66k55,4
上下分微f89w98,4
上下芬微wd73322,4
上下分薇417077603,4
上下分加微f89w98,4
上下芬微wd7957,4
上下芬微wd7957,4
上下分加微b86f86,4
庆宇₁₈₉₃₁₆₇₇₇₃₆,4
上下芬微wd7957,4
上下芬薇xhxx86,4
上下芬微wd73322,4
上下芬微wd73322,4
上下芬微wd73322,4
上下分加f89w98,4
上下芬微wd7957,4
上下芬微wd7957,4
上下芬微wd73322,4
上下芬微wd73322,4
收售分加微kk68840,4
上下分薇417077603,4
上下分微加我dd84319,4
马锦斌_Ben 13168319953,4
收售分加微gg79536,4
上下分微417077603,4
上下芬微wd7957,4
上下芬薇xhxx86,4
上下芬微wd73322,4
上下芬微wd7957,4
上下芬微wd73322,4
上下芬微wd73322,4
收售分加微kk14604,4
上下芬微wd73322,4
上下分微加我dd84319,4
上下分加微f89w98,4
收售分加微rr73778,4
上下分薇969805358,4
上下芬微wd73322,4
上下分微417077603,4
上下分微加我bb14603,4
上下芬薇xhxx90,4
上下分微f88b66,4
收售分加微584017200,4
上下芬微wd7957,4
上下分加微417077603,4
上下芬微wd73322,4
上下芬微wd73322,4
收售分加微gg79536,4
上下芬微wd73322,4
上下芬微wd73322,4
上下分加薇752323688,4
上下芬薇xhxx90,4
上下分微加我kk04153,4
上下芬微wd73322,4
收售分加微dd33kk33,4
上下芬微wd7957,4
上下分加y86w36,4
上下芬微wd7957,4
上下芬微wd73322,4
上下芬微wd7957,4
上下芬微wd73322,4
上下芬微wd73322,4
上下分薇969805358,4
xnxx.com,4
上下分加薇y84x89,4
收售分加微rr73778,4
上下芬微wd73322,4
上下分加微w83e83,4
上下芬微wd73322,4
收售分加微rr73778,4
上下芬微wd73322,4
上下分加微hh123k66,4
上下分微y86w36,4
上下分加微y86w36,4
上下芬薇xhxx86,4
上下分微加我kk04153,4
上下分加我微58401720,4
上下芬微wd7957,4
上下分薇417077603,4
A00000角逐电气徐升18002583771,4
上下芬薇xhxx90,4
A钕銲釨15372118886,4
上下分微w85w38,4
上下芬微wd7957,4
上下芬微wd73322,4
上下分微417077603,4
上下芬微wd7957,4
收售分加微584017200,4
上下芬微wd73322,4
上下分微加我ee66k55,4
收售分加微gg79536,4
收售分加微584017200,4
上下分加薇f89w98,4
收售分加微dd33kk33,4
上下分薇k77f80,4
上下分加微752323688,4
上下芬微wd73322,4
上下芬微wd7957,4
上下分微加我dd84319,4
上下芬微wd7957,4
上下分加我微58401720,4
上下芬微wd7957,4
收售分加微kk68840,4
上下分加y86w36,4
上下芬微wd73322,4
上下芬微wd7957,4
收售分加微rr71883,4
上下芬微wd7957,4
收售分加微gg79536,4
上下分微加我ee66k55,4
上下分加微f89w98,4
上下分微417077603,4
上下分薇xhxx86,4
上下芬微wd73322,4
上下芬薇xhxx86,4
收售分加微rr73778,4
上下芬微wd7957,4
上下分加微417077603,4
上下分加微417077603,4
收售分加微as123k88,4
上下芬微wd73322,4
上下芬微wd73322,4
上下芬微wd7957,4
上下分微kf770809,4
上下芬微wd73322,4
上下芬微wd73322,4
上下分加微584017200,4
收售分加微584017200,4
上下芬微wd73322,4
收售分加微hh123k66,4
上下芬微wd73322,4
收售分加微gg79536,4
收售分加微as123k88,4
上下分薇969805358,4
上下分加b86w68,4
上下分加薇417077603,4
上下分微f89w98,4
上下分加微y84x89,4
收售分加微584017200,4
上下分加微w83e83,4
收售分加微584017200,4
上下芬微wd7957,4
上下芬微wd8773,4
上下芬微wd8773,4
上下芬微wd73322,4
上下分加417077603,4
上下分薇xhxx86,4
上下分微加我ee66k55,4
上下芬微wd73322,4
上下分微加我dd84319,4
邓 杰 13005061090,4
上下芬微wd8773,4
上下分加微rr71883,4
收售分加微ee66k55,4
上下分微752323688,4
上下芬微wd7957,4
上下芬微wd8773,4
上下分加薇f89w98,4
上下芬微wd7957,4
上下芬微wd73322,4
上下芬微wd7957,4
上下芬微wd73322,4
上下芬微wd73322,4
上下芬微wd73322,4
上下芬微wd73322,4
上下芬微wd7957,4
上下分薇969805358,4
上下分加y86w36,4
上下芬微wd73322,4
收售分加微kk68840,4
上下分微加我dd84319,4
上下芬微wd7957,4
收售分加微gg79536,4
收售分加微hh123k66,4
上下芬微wd73322,4
上下芬微wd7957,4
上下芬微wd73322,4
上下芬微wd73322,4
上下芬微wd73322,4
上下分加薇f89w98,4
上下芬微wd7957,4
上下芬微wd73322,4
收售分加微gg79536,4
上下分微f89w98,4
上下分微加我ak32775,4
上下分微417077603,4
上下芬微wd73322,4
上下芬微wd7957,4
上下芬微wd73322,4
上下芬微wd7957,4
杜佳伟 15005616155,4
收售分加微wangfa02,4
上下分加薇w83e83,4
上下芬微wd73322,4
上下芬微wd7957,4
上下分加微f89w98,4
上下芬微wd73322,4
上下分加微rr71883,4
上下芬微wd7957,4
上下芬微wd7957,4
上下分微y86w36,4
上下芬微wd7957,4
收售分加微ww77kk7,4
上下芬微wd73322,4
上下芬微wd73322,4
上下芬微wd8773上下芬微,4
上下分加薇b86w68,4
上下芬微wd73322,4
收售分加微ww22q22,4
上下芬微wd73322,4
上下分加微w83e83,4
上下分微f89w98,4
上下分加微752323688,4
上下芬微wd7957,4
收售分加微gg79536,4
上下芬微wd73322,4
上下芬微wd73322,4
上下芬微wd7957,4
上下分加薇f89w98,4
上下分薇969805358,4
上下芬微wd73322,4
上下分加微y86w36,4
收售分加微rr73778,4
上下芬微wd73322,4
上下分薇969805358,4
上下分加微417077603,4
上下分加微w83e83,4
上下芬微wd73322,4
上下分加薇752323688,4
上下分加薇752323688,4
上下分加薇y84x89,4
上下芬微wd7957,4
上下芬薇xhxx86,4
上下分加微rr71883,4
收售分加微ww22q22,4
上下分微752323688,4
上下分薇417077603,4
收售分加微kk04153,4
上下分微417077603,4
收售分加微kk68840,4
上下分加微752323688,4
收售分加微584017200,4
上下分薇969805358,4
上下芬微wd7957,4
收售分加微kk04153,4
收金bi加微cx008927,4
上下分加微417077603,4
收售分加微rr73778,4
上下分微kf770809,4
收售分加微rr73778,4
收售分加微kk04153,4
上下分加y86w36,4
上下芬微wd73322,4
上下芬微wd7957,4
上下分加微w83e83,4
上下分加微b86f86,4
上下芬微wd7957,4
上下芬微wd73322,4
收售分加微rr71883,4
上下分加微f89w98,4
上下芬微wd73322,4
收售分加微rr71883,4
上下芬微wd7957,4
上下芬薇xhxx86,4
上下分薇417077603,4
上下芬微wd7957,4
加WX:jhy2224,4
上下芬微wd73322,4
收售分加微rr73778,4
上下分微f89w98,4
上下芬微wd73322,4
上下分微加我hh123k66,4
上下芬微wd73322,4
上下分加f89w98,4
上下芬薇xhxx90,4
上下芬微wd73322,4
上下芬微wd73322,4
上下分加我微58401720,4
上下分微加我zz22k33,4
上下芬微wd7957,4
上下分薇xhxx86,4
上下芬微wd73322,4
上下芬微wd73322,4
上下芬微wd73322,4
上下分微加我ee66k55,4
上下分加薇f89w98,4
上下芬微wd73322,4
上下芬微wd8773,4
收售分加微rr71883,4
上下分加微f89w98,4
上下分加微417077603,4
上下芬微wd73322,4
上下芬微wd73322,4
收售分加微kk68840,4
上下分微加我zz22k33,4
上下芬微wd73322,4
