word,label
"為什麼這種事會發生在我身上?太臭,請自覺",0
哪裡有央視春晚?雖然是四天連假~但是遠不到春節的感覺吧,0
更新／機師罷工傳79人拿回檢定證復工　華航員工?越來越多人覺醒了,0
"子瑜♥說,我一個人撐一把雨傘★?志效老公笑而不語",0
"性別平等會議?事實阿,台灣就業對女性很不友善",0
"妖精尾巴到底有沒有劇情?糞作無誤,整部都同一個套路,屁孩最愛",0
"常出國的老司機請進?找個空姐罵一下,等下送餐時就有了",0
大家為自己專業開價多少?大家一直認同公道價,0
"鐵達尼號給昆汀塔倫提諾翻拍會怎樣?前面愛情片,後面莫名出現一堆吸血鬼",0
"彭于晏算大牌嗎?沒什麼好說ㄉ,就4帥>///<",0
新北市店面租金行情大概是多少啊?給個城市名稱吧,0
"水水想知道貞德的八卦?燒了熱熱吃,聖潔的味道痕豪吃喔,尼也吃看看",0
"咿呀!被逼玩SM,?這又哪部啦",0
"SMAP解散後,嵐就變傑尼斯最紅的團體了嗎?不能否認嵐超紅啊,雖然我也不知道到底在超紅三小",0
"為什麼高雄這麼好卻還是留不住年輕人?高雄是有錢人的宜居城市,家裡沒錢的只能遠走他鄉了",0
台灣行人要讓車子?影片裡可以告那台車子肇事逃逸,0
"三星,電池價格差異?賣的價錢已經是信仰",0
"空投幾隻喪屍可以毀滅一個國家?空投ㄧ些中國人,房價就毀滅了",0
"請問有沒有異性戀的想法跟我一樣?不想結婚就別結啊,法律有逼你喔?",0
"當初高中畢業直接考國考的現在在嘛?沒掛啦,很多老一輩欠好看學歷的會再進修啦",0
最強歌姬的八卦?那英不是台灣的吧,0
數字代號求解?直接對數字這麼難?,0
"整個世界都是假的?紅藥丸,藍藥丸,自己選一個",0
核四沒燃料棒還留著嘛?只能尿尿就很重要了好嗎!,0
挪威是世界天龍國嗎?歐洲國家真的沒啥是落後的,0
"讀學店是什麼感覺?刺激der大學生活,每天有數不完的正妹可以＿",0
八嘎囧被說是八嘎囧的時候是什麼感覺?跟我被說金城武一樣的感覺,0
"一開門看到室友在尻槍,該如何化解尷尬?幫他把風,有人想進去就說有人在裡面尻槍",0
"排骨好用的原因?這我知道,大概是這樣",0
老人身體健康很困難嗎?台灣的腸癌率世界第一,0
"有人看過洛克人第13集嗎?,那個高的人超甲",0
"為啥一定要燒香燒金紙?紙錢我記得在中國,有的是剪成錢幣,用灑的",0
手遊抽卡長居非洲怎麼辦的八卦?要飛去歐洲當然花錢買機票阿,0
如果口嚼酒是肥宅做的會怎樣?肥宅只會被婆婆那門撞頭而已一直撞一直撞,0
"有沒有怎樣才算剛好的八卦?就是這樣,喵",0
"台北是不是又老又窮呢?我覺得單純當年只想著反攻,沒認真做都",0
"如果中華民國接管中國?中國國民黨會歡喜回歸母國,台灣改國號立",0
G4?從頭到尾用小刀就戳死他了,0
"蟑螂跟肥宅,哪個比較噁心?身上油到長蟑螂的肥宅",0
有沒有普渡神秘眉目的八卦?肥宅鬼那會管那麼多拉,0
今天晚上就知道誰才是真正的八卦板友?自肥不可取,0
物化女性和歧視甲甲哪個比較壞?政治正確比較壞,0
"豆導-鈕承澤的邏輯,奇怪的地方在哪,?第一天不講男女朋友,後來突然冒出來,好棒棒",0
"美國沒有黑人會怎樣?警察會很閒,不知到要麻",0
"有沒有鳳梨粽子的八卦?請正名,夏威夷粽子",0
"公車上隔壁男生的酸味?醒醒,整部車除了司機跟你以外都沒人",0
記者說石虎粿原料是石虎?台灣記者日常,0
"明朝的粉絲比較多9.2或五毛?現在清粉很少了吧,滿族殖民愚化,也不",0
行政院農業委員會?台灣賺大錢就是爽,0
法國吐司為什麼這麼好吃<3?高油高碳水很難有難吃的,0
"板上真的有人會聞女生的腳嗎?最愛吃女生的腳了,有時候一天要吃三四根",0
"性向到底是先天還是後天還是老天決定的?我個人傾向大多數人是潛在雙性戀,只是沒後天引發",0
范冰冰有什麼獨特魅力嗎?就很多人的媽媽,0
大學生要包多少紅包給爸媽?好有錢喔!羨慕,0
一等士官長大概可以挑戰到哪個層級的軍官?台灣只有一個特等長?可以介紹一下,0
"醫生vs巿長薪水哪個多?一般人是市長,但柯P應該是醫生",0
"牛排料理法?要用鑄鐵煎鍋,燒到冒煙再下肉",0
"找不到老婆怎辦?沒仔細看你簽名檔之前,還以為只是一塊天靈蓋",0
"李安點名羅志翔拍新片,有多人會崩潰?羅志祥都演周星馳好幾部了",0
"中國動不動就在送熊貓,是在搞什麼?你不知道淪陷區要跟正統中國納貢嗎",0
尾牙抽到最大的獎是什麼?抽到老闆的女兒,0
這樣算失業嗎?先繳國民年金,0
"有沒有直銷商思維都怪怪的卦?我可以不賣藥,臺灣人不能沒有健康",0
"機要秘書vs局長?出了公司或機關,地位還不是跟肥宅沒兩樣",0
"生活只在台北會想買電動車還是油車?台北根本用不到車=,=",0
"有什麼辦法可以報復佔據網速的室友?連進分享器限速啊,現在很多機子都有限速功能了",0
有沒有功過並陳的八卦?然後順便酸南部人不懂知恩圖報只會選冥進凍.,0
現今第四台還有需要嗎?陸劇還有一堆沒看過的台,0
改成一例一休+砍七天會保幾?8年來很多職場不都是一例一休嗎?,0
跨年的意義在哪?我的意思是整場跨年的意義其實就是為了賺錢.,0
屬於爸媽那年代的寶可夢是甚麼?那年代應該都在戶外抓昆蟲吧,0
為啥鴨子沒有統一世界?因為能力都點在螺旋屌上,0
哪一種汙染物CP最高?肥宅的腋下、股溝、走一天的鞋子都集?,0
台灣的符號密碼學會怎麼上?藏是國民黨1949時帶來台灣的,0
把人的手綁起來是不是就不會rap了?克勞薩大人表示,0
日本有東漂族嗎?上京的人超多好嗎,0
"所以到底捷運月票2500誰會買啦?這人窮酸到2500文也要發好幾篇,真的不容易",0
"草根性是不是奴性的八卦?台灣鄉下人真的人很好,很老實,他們應該過得更好",0
"坐客運遇到洋妞該怎麼辦?終點站到了,請還沒下車的旅客趕緊下車",0
"有沒有去陌生人家喝酒喝到掛的八卦?女人精的咧,算計很拿手所以肥宅家都沒人去過",0
"有沒有安潔拉勞森的八卦?若不是節目在美食台,還真的期待下一秒種",0
"有沒有八卦沒有優文可看的八卦=,=?搜妹,或女等關鍵字就有一堆廢到笑的",0
為甚麼老一輩喜歡跟團不喜歡自由行阿?之前認識一個高職畢業去念什麼科大私立技職生,0
"蹦蛙娛樂和矮子娛樂要選哪個?笑死,送中,toyz是說到6/20日不開台",0
養寵物是不是一種虐待行為?狗貓和人類共同生活的歷史很久了,0
"在路上被陌生人打,回敬他一拳合法嗎?你最好還不要是海軍陸戰隊退伍,或是,職業軍人",0
批踢踢什麼時候會出現抖音板?真的假的抖音社=_=,0
"館長當過志願役班長為啥不撐到領終身俸?20年只當到班長,他是惹多少人?",0
"青春是段跌跌撞撞的旅行?國中,肘擊大ㄋㄋ",0
碰到女生凹你會說甚麼?凹腳就好啦,0
"肥宅愛家有加分嗎?肥宅就給我滾,",0
"烏來覽勝橋,(01AD9),10分鐘/35mm?快打電話叫空心菜去救你啊",0
有沒有台灣Youtuber改革家-王芳晟的八卦?話說聖結石哭哭大概說了啥,0
"這是什麼植物?可以吃?是吃的,是吃的,是吃的",0
鬼島的加班費為什麼比正常工時還少?台灣人只要餓不死就會逆來順受,0
"老闆被Karma,police的卦?看到CREEP的現場就是爽拉",0
超過幾歲不該有投票權?一堆稅金小偷還想投票,0
"週末看完神鬼獵人覺得一片空虛的八掛?跟本都在拍風景,超",0
"什麼時候開始不太流行蓄鬍了?覺得鬍子濃密的留起來不錯看,稀疏的就不行",0
女生會用顏文字嗎?會喔^_^,0
"世界上存在過笑娼不笑貧的時代嗎?人站在妓院外面就會恥笑裡面的小姐,人",0
"年羹堯守得住街亭嗎?三國那個時代沒有火槍,戰術有限制",0
RAW到底有多難訂?大吃大喝去好市多買牛肉自己用舒活機三,0
"中國的代表食物是什麼?太多了,中國菜也包含台灣菜",0
宵夜一定要吃到什麼才能洗洗睡?我不愛內臟喇!百頁南波萬!,0
現在的高中生都在等放榜?笑指考生啊不然咧,0
熔爐給台灣拍會怎樣?會找前基隆市長張通榮來演校長,0
"在好事多靠試吃解決中餐?每次去都看到同樣的人在排試吃,我相信有",0
"中國臘腸香腸類肉製品有非常好吃嗎?我記得之前有一張網友去中國買豬肉漢堡的圖,噁心到",0
他不死我睡不著怎辦?你壓壓卡卡?,0
臺北最好吃的拉麵店是?在台灣還沒吃過好吃的日本拉麵,0
"無糖世界+間接性斷食才是減肥之王?Peeta,是台灣健身專家,很厲害",0
手機被別人摔壞怎辦?你是不是喜歡他?,0
"水果行的hr如果看到八掛版會怎樣?你用點腦想就知道根本笑話,別正義過頭了好嗎,無聊",0
濁水溪以南最棒的夜市是哪一個?大大武花大武花,0
"戴先生守得住街亭嗎?可能會回營騙諸葛亮街亭守下來,一騙18年",0
"空手道四大流派哪個最猛?極真才是好嗎,這次東奧就採用極真的",0
"有沒有仿冒帳號的八卦?真的,最近很多人在澄清",0
"是誰決定一公分要有多長的?認真回,是先決定1公尺多長,除100就是1公分",0
"老師說點名5次都有到還被當?去嗆老師說,我爸是董事會成員",0
joeman是不是已經把到咪妃?舊妹是肥宅救星好嗎還再唸,0
什麼是楓之谷最屌ID?一群屁孩已經成為傳說,0
"nuskin,這家公司是?然後一堆老鼠盜用別人的健身成果圖片",0
大家遇過最大尾的藝人是誰?唐從聖在百貨公司門口揹很多包很激動跟人講電話,0
跟韓粉說希望你的孩子跟韓總一樣?帶他孩子去爬樹聞水,0
OL穿鞋不穿襪的比例有多少?這樣才有味道R,0
google搜尋顯示的日期?樂芙未來人,0
妹妹出嫁前一天哥哥在想什麼?沒人跟我搶財產了,0
有沒有草壁梅的八卦?4大龍貓耶~,0
有沒有85大樓該何去何從的八卦?不是被海霸王買了,0
"文子為什麼不怕死?你還幫蚊子取名文子ㄛ,日本母蚊嗎",0
"有沒有大家屯糧都會買什麼的八卦?你都出門了要屯啥,而且明天就正常上班了吧?",0
愛をからだに吹き込んで?再喔一刀捅死你,0
"洗負評事件到底是什麼?用""某甲甲輸不起""搜尋標題,看第一篇就知道了",0
"有沒有一條路兩個世界的八卦?不行,我還是想看你們互請10份雞排",0
"HTC如果倒了,保固還有效嗎?已經沒剩多少人了,還裁這麼多人,HTC手機能買嗎",0
"喝茶跟拍旅拍哪個cp高?喝茶出錢出屌就好,旅拍還要買相機",0
"去臺中該注意什麼?配台灣服務業的鮮血跟肝,晚上去台灣大道吃慶記宵夜",0
"有沒有女生喜歡出國打卡上班的八卦?台女出國打卡,台男出國打工",0
"名字有,實,該怎麼取名?實尚時尚最時尚",0
看起來最強的遊戲名字?洪師傅切不到中路,0
有沒有昇龍的八卦?廬山昇龍霸,0
大亂鬥也可能拿最佳格鬥遊戲嗎?索廚沒遊戲完度過寒冬~幫QQ,0
黑人權和女權都大幅膨脹那黃猴子權呢?黃猴子不是人,0
"這是四葉草的影片嗎?四月草現在胖了很多,這瘦瘦的應該不是",0
美國66號公路?土包子還是別去吧,0
"有邊釣蝦邊跨年的卦嗎?,這麼冷,蝦子不會咬喇",0
"宅配選黑貓變新竹的八卦?黑貓上一波漲價漲很多,導致很多人換宅配商",0
"女生的演化路徑?什麼責任都男的扛,然後你被玩弄以後叫接手的吞下去",0
"為什麼貓貓下面黑黑的?公的結紮後有兩個洞,常被誤認為母的",0
"如果射過中線,鄉民會嘛?當然是對境內中國人處刑啊,弄成人棍插在國境上",0
快訊!小蘿莉在摸我?先準備好賠償金吧,0
歐美的模特挑戰是偷學求婚大作戰嗎?哈雷路亞嗆死,0
劉備不去打孫權能打下街亭嗎?趙雲年輕你認真?,0
"金城武昨天花多少錢?有粉絲送吃的來,所以沒花錢,謝謝",0
"把自己的名字改成ふわふわ有什麼好處?呼哇呼哇哩,呼哇呼哇嚕",0
有人會堅持天天發文嗎?你是不是沒梗了,0
"有沒有鱷魚牌變潮牌的八卦?好朝阿,妹子會尖叫",0
國家機器多久PM一次?比喻有夠爛,0
"還願爆紅能讓台灣的宗教法通過嗎?勢力超龐大,誰敢真的擋阿",0
"有沒有當兵唱一下點閱率隨便300萬的掛?這阿兵哥不是一般人吧=,=",0
"朋友想組黨,但是首抽都爛牌,怎解?再刷啊這還要人教?",0
"魯夫算好船長嗎?整天吃肉,海上哪有這麼多肉給他吃,根本腦",0
看醫生會看學歷嗎?我都看我家附近同時有西醫、中醫、藥師執照的醫生,0
妹妹死者復活了怎麼辦?哪部?感覺不錯,0
為什麼貼中時的多是外國人?中國人給狗,0
"把肥宅跟比特犬關在一起鬥誰會贏?保護好喉嚨,人有刀應該可以慘勝吧",0
"為什麼紅茶沒微糖,?是不會去手搖飲料店買喔",0
"在中研院工作的人都很猛嗎?以前聽說生活品質不錯,現在就不知了.",0
適應戒嚴的人能否適應北韓極權?9.2的理想國,0
"為什麼中國不要在原本的500億上加稅?建議課300%的稅,屌虐美國",0
"撿到小鳥要怎麼辦?好可愛ㄛ,收編了啦",0
"有沒有匿名者根本就跟肥宅沒什麼兩樣?肥宅被告要上來用本名發道歉文,就沒有匿名惹",0
"妹妹雞雞比我大怎摸辦QQ?叫他舔,舔一舔就大了",0
廟宇的紅燈?常明燈小七就是現代常明燈,0
現在的中國有沒有跟清朝後期很像?哪裡像?清國貴族大官有跑去當美國人膩,0
清晨一堆直昇機飛過的聲音?國民黨政變啦!,0
"當年紅景天的受害者還好嗎?滿恐怖的,騙了很多人的五萬",0
有沒有賽局理論的八卦?賽局的數學蠻難的,0
厄齊爾是不是有演諾曼第大空降?八卦是他都踢過三屆世界盃了,0
痘痘長毛了怎麼辦?再繼續拉就可以拉出一個小精靈,0
女友爸媽現在很生氣該怎辦?抽大便的公司很賺錢好嗎,0
中正大學是如何從中字頭變成中字尾?公司到現在還沒蓋出來,0
只會發金城武廢文的人是不是最沒梗?你們這樣仿冒我我很困擾,0
"王剛會怎麼做月餅?大家好,他是王剛",0
15歲書念不好的小正妹發展圖有哪些?勸世圖進化了啊,0
"真的有人完全不會外語去打工度假嗎?最近比較想知道:真的有人完全不會外語,",0
有沒有人是住高雄開拉可使菌?H還有在賣手機?,0
有沒有開鎖的八卦?太小應該是可以很容易進去才對啊,0
"買到的筆電不可加RAM怎麽辦?換也行,除非你那台太奇耙,換不了",0
"貓星人逝去後,會怎麼調整心情?看要不要去領養一隻投緣的",0
該買汽油車還是電動車?先拿完藥再來想這個問題吧!,0
輕熟女大濃妝又戴墨鏡還有市場嗎?再怎樣一定比肥宅有市場,0
"分屍案你我推了一把?工三小,要戰學我好嗎,嫩",0
有沒有製造聖結石之亂的鄉民在比沒梗的卦?等等一定有人爆卦聖結石上傳影片之類的,0
神像?半夜會在學校走廊奔跑,0
"小智當投手的天花板?他比較適合舉重,印象有圖",0
警察以前好升官嗎?黑了就調單位再撈,0
台灣有婚姻仲介女生嫁去國外的嗎?外銷中國的越來越多,0
"假如還作台灣元素遊戲,那就做國軍online?我只記得寫一堆,保15表",0
指甲剪太深怎辦?快點用嘴巴含著再吹一下就會進入二檔喔,0
"怕癢想按摩?最後小姐請我吃一碗綠豆湯,要我下次再去",0
小容量SSD可以用來嘛???大空間後記得要更常重組保持快速,0
"一個字形容自己?想了很久,還是只有一個帥字,我倒是落入俗套了",0
遼寧夜市是否過譽了?那些外國人會不會是要去寧夏走錯啊…,0
"有沒有Leo王的八卦?轟鳴也蠻多ㄎㄧㄤ歌的,聽得很爽很嗨",0
胖虎的冷門金曲?好想回到幼稚園,0
"車車鑰匙不見怎麼辦?備的話,就把方向盤下的電線拉出來啪啪啪就可以發動",0
十年長嗎?#陪在一個陌生人左右,0
"為啥台灣不代理歐洲的三合一咖啡?之前全家有賣過,不過賣的好像是日本的,也是奶泡",0
主管跟我說連假要回通宵掃墓?他邀你去見公婆啊,0
"有人在意肥宅的性需求嗎?沒有,連花錢嫖妓都還會被援交妹看不起",0
"希望兒子變成龍?兩生台面下受到的攻擊不會更少,請你看清你們的聖人",0
"重機騎士?剛開始的時候或許是,但現在,科科",0
"德布羅依其實是告訴我們念文組沒用把?真正的文組會說,所有學問都是文組開始的",0
有上天堂下地獄的標準嗎?去問夜神月,0
"挺同言論難道我不同意就是壞人嗎?你好煩喔,怎麼不說反同的一些人聽到不同立場也是該",0
"韓粉是不是跟河粉正式決裂了?韓粉裝柯粉,就是要離間柯綠用的",0
八卦是不是漸漸DCARD化了?(｡>﹏<｡)本肥宅覺得綜合化了,0
"保險業處經理會擔心組織另開處?當然就弄掛這個經理,接收他的業績和客戶",0
"汽車""保險桿""這詞是不是取錯啦?汽車剛發明時,那邊是桿子沒錯",0
如何被虎頭鍘腰斬後怎麼在別人腿上寫個慘?據說砍完不會馬上死,0
"加熱糖水裡面的透明蟲子是什麼啊?佛觀一滴精,八萬四千蟲",0
"愛爾蘭為什麼變得那麼有錢?愛爾蘭氣候差,很少人移民過去",0
"哲也打的過CP嗎?籃球不知道,麻將應該可以~",0
如何增加搭飛機坐正妹隔壁的機率?我也想知道怎麼避開胖子,0
健身房人家問剩下幾組要怎麼回?我都去ikea,0
"拳擊界評價最高的選手並不是阿里?實戰講究一膽二力三技,泰森全盛時膽跟力都是頂尖",0
"騎淑女車去秋葉原可行嗎?不行,要騎就騎奴隸車",0
德國教練什麼時候要吃鼻屎?你吃他就吃,0
一人一票能把丁丁打成ㄎㄎ嗎?這是跪下來了嗎XD,0
"【請益】衣櫃改造問題,求解?放蟑螂老鼠,塞好塞滿",0
能當女生的提款機是不是很幸運的事?養別人老婆很幸福?,0
落選的感覺怎麼形容QQ?大雄出來上班啦!,0
感冒末期可以喝冰飲料嗎?再去買一杯,0
有沒有替代役退伍也要打卡的八卦?小朋友去夏令營結束也會打卡啊,0
"有沒有什麼衣服不能穿進考場的八卦?結果你自己看不到,別人看得很清楚",0
大家有被朋友借過錢嗎?你真當人家是朋友就不用收了吧,0
"哆啦美拿出過多少哆啦A夢沒有的道具?哆啦美超萌的,我超變態的,都會看它打手槍",0
"廁所、化妝室,都幾?我都說聽雨軒",0
"有沒有快到選舉就開始吉吉復吉吉的掛?我要吉你,會怕就好,喊吉的人超爆屌炸天",0
"身上出現以前沒看過的痣怎麼辦0.0?施主,這就要問你做過什麼事了",0
"帶女同事吃無菜單料理吃完直接翻臉?他以為是日本料理,結果只是台灣小吃,",0
!剛剛搭公車被人舔臉!?你是不是走一個小弟弟的行李,0
"這場雨救了gogoro,?個洞在裡面你平常也看不到,卡到摔車吃水超爽",0
"[問卦］年終的假新聞要關三天嗎?皇親國戚也是員工阿,記者沒造謠沒錯,只是沒講",0
"有沒有陳柏霖的八卦?真的超帥,我是男的都覺得他率",0
怎麼認識醫院的檢驗師?每天去驗啊,0
"台灣為什麼都沒人在做3d單機遊戲?成本太高阿,一堆糞game一直出就知道多好賺",0
早餐店麥香魚很難吃怎麼辦?改吃麥香奶茶啊,0
"研究助理真的可以做10年?嗯,我周遭都是做20年,你說呢?",0
"老一輩會講華語的,思考用什麼語言?小時候講台語,不過讀書過程都講北京話",0
"要分組誒,是不是該逃生了?肥宅也不想跟你一組好嗎",0
"有沒有龜息大法的八卦?這招我會曾經練成,大概一天睡四小時就夠了",0
泰森打得贏棕熊嗎?不知道可是我知道鷹村打的贏,0
王妍熙是不是台女典範?吳婉君屌打又正又賢慧,0
"屈原帥嗎?姓區,應該是死蛆外省人",0
"八卦版有人沒有當過兵?這邊一堆BMI超標的肥宅,還有躲兵爵卿,笑死人",0
"女生說,喜歡暖男的八卦?女生不喜翻下面是冰棍,要暖暖的進去才酥福,嘻嘻",0
ptt平均年齡是多少啊?老到敲不動鍵盤了,0
"然后是在后殺小,手游是要游去哪?手遊啦,遊遊遊遊",0
"有姐妹市的八卦嗎?對,我喜歡姐妹洞",0
"蘋果拋棄新竹?各位真的是風往那裡吹就往哪倒,如果是密電還會有這",0
"那個,在高塔外牆約會很潮嗎?噁臭肥宅滾啦",0
只是堵藍?他還需要人抹紅嗎,0
"螞蟻吃鼻涕正常嗎?你慘了,腦髓液跑出來了",0
睡不著?數錢包的錢,0
Youtube用IP推薦影片嗎?候還是會叫我看台灣youtuber,0
趁亂承認自己是包莖處男會被發現嗎?我只知道包心粉圓,0
發明卡拉Ok的人是不是想報復社會==?裡面負責打分數的小精靈超血汗,0
"哪款防毒軟體最強?認真說啦,這波根本不知道是怎麼來的,防毒根本無解",0
"什麼職業需要測驗3000公尺跑步?學校操場測隨便都11分初,以前當兵更快",0
"要如何證明自己不曾醉過呢?已證明醉過,上幼稚園前被騙高梁當水喝",0
有沒有版標的八卦?錢包沒在哀號?,0
"電視連看幾天眼睛會乾?尻一發,抹眼球濕潤一下",0
幾歲開始會暗戀別人?我幼稚園就想班上最正的女同學,0
"見鬼了,什麼樣的人在檢討肉圓媽媽?女的有說,因為父親對小孩很好才放心出國,xdd",0
"有什麼辦法可以報復佔據網速的室友?連進分享器限速啊,現在很多機子都有限速功能了",0
美少女可以加入☆約克羊陣線聯盟★嗎?心裡是美少女但外表是肥宅的肥宅嗎?,0
早餐怎麼吃才算營養?膽固醇太高了,0
"曖昧讓人受盡委屈,無奈姆和咪寫不出結局?姆咪笑的真開心,hohohoho",0
妹妹被主管調去當祕書怎麼辦?要變成主管的形狀惹,0
"有沒有銀行不出課金卡的八卦?講太細就變廣告了,又沒拿到業配錢,去問信",0
"跟初音結婚可以領養小孩嗎?甲甲都能結婚了,應該可以",0
為什麼日劇這麼多禁斷之愛?比台灣戲劇只有貧富戀好,0
"當兵一年輸多少?中國比米國更多,有比他們強嗎",0
"Sun,Jun,24,20:05:04,2018?所以台灣沉淪二十年.聽起來很殘酷但我說",0
欸現在華視播的哆啦A夢是哪個版本的?來喔來喔榴槤特賣,0
吃辣必拉肚子?去吃麻辣鍋啊,0
八仙火樂園有搞頭嗎?部要亂開玩笑悲天憫人好嗎,0
"喪失發廢文的能力了怎麼辦?怎麼辦?不知不覺你就發了啊,=,=",0
"世界各國不承認中華民國卻給簽證跟免簽?台灣貨幣叫新台幣,世界各國看這個不是看中華民國",0
高雄晚餐辯論會?甲~~~~土豆~~~~~~,0
原始馬?肉體的冒險,0
"喂!我姆斯啦,這梗是不是成絕響了?依姆斯這種個性要她不再轉隊很難吧",0
"慟!,全家香腸不用錢嗎?便宜啊,我去家樂福買新東陽或黑橋牌",0
"小女娃該取什麼名字?射人先射馬,擒賊先擒王",0
"すごい到底要怎麼發音?死勾以,就這樣念,日文沒捲舌",0
都市人等一下要拜拜嗎?古代23000100為子時為下一日,0
"一直被叫帥哥的卦?帥哥你好,新年快樂",0
"16歲少女無照駕駛我之見?也不會在國道上開啊,白癡喔",0
"選手都姓鈴木,這真的沒安排嗎?鈴木機車冠名讚助",0
"公務體系論件計酬有無搞頭?很好啊,讓勞工知道使用者付費觀念",0
女朋友很會唱歌是好事嗎?初音很會唱歌沒錯,0
"鳥鳥們是在看三小?你一定沒穿褲子,他們看到麵包蟲",0
被填滿的感覺?我最愛幫別人填滿惹,0
"為什麼有人發文有簽名檔?手機PITT可以用啊,其他的不知道,沒注意過",0
佐為不見要去哪找呢?我前幾年去沒看到佐為…,0
"第一次進到台中市是什麼感受?過馬路看的是紅綠燈,不是小綠人讓我很不習慣",0
"開二手奧迪算人生勝利組嗎,顆顆?車要買一手,房子要買二手,二手翻新屌打新屋貴又小",0
"聖鬥士裡的雅典娜能力,是不是比貝瑪還爛?一句話就能讓揮拳可以超越光速的人去送死,很強好嗎",0
"肥宅會因為天氣熱沒胃口嗎?不會,可以吃炸臭豆腐,冰冰的酸菜配豆腐",0
吃太多肚子痛的來這裡報到?線上烤肉是能吃多少?,0
"有沒有巫師(the,witcher,)獵魔士的八卦?愛選嘴砲選項,看他酸人就覺得ininder",0
有沒有台灣經濟一直不景氣的卦?錢多的時期就是慣老闆崛起的時期,0
"我們用多一點點辛苦,來交換多一點點幸福?孫燕姿-愛情證書",0
妮莉艾露是死神裡最優質的角色?大家好我只想X冬獅郎,0
"怎樣才能讓學姊不去洗澡呢?不要再煩人家了好嗎,很噁",0
"肥宅養的牛仔褲值錢嗎?肥宅不出門,在家只穿內褲",0
學校是不是犯罪黑數的最大來源地?軍隊跟學校,0
"妹妹吃了安眠藥是暗示什麼?她沒有吃,都在裝睡",0
哪種木炭比較好用?原子蠻好用的,0
日文配音員為啥那麼強?電影跟連續劇配音永遠就那幾個人,0
有沒有念景美很喜歡辦制服日的八卦?最喜歡景女妹ㄌ,0
"魯蛇聽古典樂有沒有加分?現在有水準的台女也不太多你聽古典,她還想睡覺",0
為什麼少許白糖可以提鮮?哪國的料理人說的?提味跟提鮮不一樣~,0
"街賣的弱勢朋友賣什麼更有買氣?他們如果會想說賣什麼比較好賣,就不會這麼辛苦了",0
"人生走到最後一哩路的感覺是什麼?ㄟ(|v|)o,先承認,老娘或許還有辦法",0
"女友要求寫悔過書,該怎麼下筆?欠喔,今晚洗乾淨等我",0
從醫院醒來都沒人?沒人想理肥宅啊,0
高鐵一堆小鮮肉欸?你都大他們一輪有找了,0
這條魚是什麼魚?怎感覺有點黑人的XO,0
"受虐女性怎麼安慰,(急,在線等)?這部我知道,「兩岸一家親」對不對",0
"象棋特級大師,很強嗎?差不多台灣的八段以上了",0
每天吃微波食品會怎樣?自備陶瓷或玻璃容器微波比較好,0
"當年的黃金,建設,文物,大家都忘了?說到黃金不得不說到萬惡金圓卷",0
"某牌的漱口水為啥這麼辣?我是覺得還好喇,畢竟辣到真的很不舒服",0
"統一發票為什麼不改名?以前長條好整理,而且每期又有分顏色,更容易分類",0
買帳號的八卦?缺德的人會買啊,0
固定每四年上一次當是台灣人民的傳統嗎?都很爛的情形只能挑選擇不被中國併吞的那邊,0
想對全台灣8+9妹播種要刺青還是整形?應該是一次就去泌尿科,0
"肥宅要如何在畢業前跟正妹告白?磚頭夯下去,正妹就是你的",0
"罵人美帝、倭奴,偏偏最愛去這兩國的八卦?老人也常說吃虧就是占便宜,可是就是死不吃虧",0
"繼承到三千萬遺產可以馬上辭職不嗎?更別說時間成本讓你生投資利息,屌打工作30年",0
"小孩子都怎麼玩日文寶可夢的?小時候的學習能力真的很強,莫名其妙就是可以破關",0
"肥宅們都用吉列還舒適?吉列,國際",0
"什麼樣的人會和酒店妹在一起?歡場,無,真愛啊",0
"台女學姐）是不是正當紅?沒有柯,她還是正妹,你仍是醜肥宅",0
有沒有pixar工作室的八卦?出了一台手機?,0
不小心練太壯怎麼辦?多捐一點就好,0
這種天氣還露出白嫩長腿都不會冷嗎?好可愛的毛小孩,0
"參加喜宴沒位子坐怎麼辦?跟收紅包的說跑錯場,拿回紅包閃人",0
"74團要改名為小三應援團嗎?事實啊,只是八卦自稱正義魔人的人太多無法接受",0
妹子跟本魯撒嬌怎麼辦?做春夢就不用問了好嗎,0
"原住民可以歧視人但不能被歧視?都是台灣人,不要分那麼細XDD",0
"問一下,沒受過棒球訓練,球速100到底?100很猛了一般人",0
蒟蒻的台語要怎麼唸?粉鳥舅用台語發音就是了,0
"母豬教是否該正名為母豬叫?是要用ㄍㄡˊ,還是用噗伊噗伊",0
"山本舞香,濱邊美波誰正?小芝風花好不好啦!",0
"薪水、假V.S.同性結婚,都機?薪水才是重點,你不一定會結婚,但總要有錢吃飯",0
"性愛影片都是怎麼來的?欣賞自己的技巧吧,瞻之在前忽焉在後",0
金城武會彈古琴嗎?我真的是略懂啊,0
有沒有比你年輕都是屁孩的八卦?一堆年過20還不是低能得跟什麼一樣,0
"曲佳雲:在罷工棚內有2200份三寶?我把三寶都放在那裡了,去吧,去尋找吧",0
"⅛,⅜,⅝,⅞?芋K…芋K…ꢚJ﹛臐鞢鞳",0
"為何警局前聚眾百人警察不拿警棍出來敲?如果長官下令或是長官挺,應該連槍都會開了吧",0
修法防過勞　工時反增、全球排第4長?好想好想贏韓國!,0
新北美食名產是什麼?哪個區啊~~新北這麼大,0
有沒有MVP訪問隊友都離場的八卦?MVP請記得去幫隊友買單就好,0
"東京跟大阪,畢旅抉擇?我覺得你親自去過一次再下這些評論會比較好",0
"有沒有藥劑師也要正名藥師的八卦?要戰去查資料再來戰,藥師跟藥劑生的確完全不同",0
女孩們會買著色本來紓壓嗎?我都買幼稚園小孩的那種著色本哦,0
為什麼神奇寶貝對戰都不攻擊訓練家?神奇寶貝應該統治世界才對吧人類火炮都打不贏,0
"沒人找佳吟,她森77惹?這部我看過,最後主角去買點數卡了",0
有沒有「中國≠中国」的八卦?廣島人:..,0
4:00pm期末考不過就21怎辦?寒假到了剛好上數字網找工讀不會,0
摩天輪要怎麼蓋才會潮?做全透明我就帶老婆去%%%,0
去美國都要買什麼健康食品?這在美國西岸超便宜der,0
"中橫一天七趟,到底有沒有可能?但認真說來回七趟還是唬爛",0
"亮亮那麼像母豬,怎麼還敢叫人請客?開張大吉嘍",0
"表特版是什麼時候變這麼無聊的阿?沒興趣,凡正你門也只能尻尻,別人爽爽",0
好一點的老人院要準備多少錢?有那個錢不如直接請人來家幫自己專人,0
五月天怎麼請到林志玲當嘉賓的?過氣了當然好請,0
有沒有補陳星國文的八卦?補國文沒教作文都浪費時間,0
"妹妹18歲生日禮物該買什麼?送條妹婿給她,500可以買幾十斤",0
業餘賭徒怎樣才會覺醒?上船猜拳就會覺醒成職業賭徒了,0
鬥陣新手的八卦?在台灣過氣,0
"多數鄉民是不是大學都沒教法律常識?然後邊笑中國法治落後,實在是太神辣",0
"去龍蝦吃到飽的前置作業?準備醫生,感覺吃一吃就中風了",0
"∫,HOTEL,的八卦?工數要被當了",0
"半夜肚子餓?培根煎焦一點,!",0
大家七夕打算怎麼過呢?去電影院吃臭豆腐,0
"小孩子問""恐""是什麼意思?中文奧妙之處,恐也能訓詁為台灣記者根本是○○",0
"女生回@@,或,=,=”,要怎麼接話?沒說話就是答應嚕~",0
大家最希望哪個職業罷工?高雄市長擺一顆西瓜都比現在這隻好,0
五科48級分該直接簽志願役嗎?在台積當製程給你參考,0
"最不想經過國道上哪個路段?雪隧真的是很,我現在都很不想回宜蘭",0
"當年考上第一志願的高中,現在啃老?屏東高中?,台東高中?",0
美國小七是肥宅福音?跟台灣不太一樣,0
在戰國要當哪國國王比較爽口?到孟子時代還笑楚國的話難聽,0
薪資物價都翻倍會怎樣?快點轉型產業把代工讓給落後國家做吧,0
急!朋友說他想開車車?你踩油門他踩煞車啊,0
長榮要不要乾脆租機師飛機給華航?直接跟華航租空姐不就好了,0
把新北人、俄羅斯人、台中人關一起會怎樣?新北還在用近身武器會先掛,0
有沒有4驚人的技巧與XXX的八卦?我就當你葉配了,0
"身為肥宅的我們,有比韓國肥宅努力嗎?韓國沒有肥宅",0
請問收銀結機少錢的原因和大家剛接觸大概?只能說很正常…當天錢剛好跟有誤差大概一半一半,0
有沒有國光客運改乘車站上車的八掛?國光太鳥拉,0
福佬客有什麼特性?中國客人很會裝喔,0
"咬完兩包肉乾,下顎好像怪怪的,怎麼辦?過一段時間有機會好,沒好的話去看醫生",0
有人還記得海潮之聲嗎?去日本的時候有刻意去裡面的ㄧ些點XD,0
沒有意識形態的人是怎樣的人啊?死人和機器人,0
"喜歡的女生在做直銷怎麼辦?別去跟這種,有任交集..一堆腦空的",0
"急!隔壁桌邊吃飯邊吵架怎麼辦?走過去說就是你,拯救少女",0
"gungu哥是冤枉的八卦,已發完?古滾喇,賄選還寄騷擾信這種人確定要投?",0
健達奇趣蛋只有男生版跟女生版?個人覺得出奇蛋比奇趣蛋好吃,0
"這場雨,會不會下不完?卻出現一種阻擋",0
鮭魚料理比賽分到產後鮭怎麼辦?人妻才讚好嗎,0
為什麼PTT上線人數越來越少?有卦嗎?７.５８這種詞不是黨工專用嗎　根本沒人看的懂,0
"發現自己快暈船了怎麼辦?先尻一槍,不然就是找其他女生聊天←←過來人",0
有什麼覺得很讚的梗圖嗎?上班笑到崩潰,0
"愛韓國魚的都是哪些人?比起韓國魚話題,我比較愛吃台灣鯛",0
如果全世界的蟑螂都會上ptt?台灣的蟑螂會上ptt,0
有沒有大溪地的八卦?一下機就有樂隊演奏當地歌謠接機,0
"叉燒跟燒肉,大家比較喜歡哪個?叉燒跟燒肉都不喜歡我肥宅嗚嗚嗚嗚嗚嗚",0
提完離職後該做什麼?很好女生屁股有線的概念嘛,0
"為什麼不發400億給弱勢了?對呀,媒體自己說要發,應該請這些媒體拿出來發",0
魔幻力量剩下兩個去哪裡了呢?合體拉~~~~~~~~~~~~~~~~~~,0
港仔逃難來台是不是跑錯地方了?你可以去問問在台的港人啊!台灣一堆喔!,0
有沒有耳鳴的八卦?去大丸逛神奇寶貝中心,0
味精真的很不好嗎?有的人會過敏,0
"女孩總愛利用追求者?好可黏確認一下,女孩兒叫什麼名字",0
"每天都吃好市多烤雞會怎樣?烤雞王,天天吃烤雞,真的有夠爽",0
"女生說自己胖了怎麼回她?直接公主抱起來,說很輕啊然後請人去保你",0
鄉民洗冷水澡還是熱水澡☺☺☺?我現在在浴缸,0
"7,80年代賣塩酥雞可以買房子?民國70年,300萬的房子潮貴der",0
"急!朋友被打?你過去時屍體都涼一半了,不用去",0
"國外重機?加上要跟汽車爭道,開車的還要很小心不要狀到這群人",0
"看開票看哪一台才準?支持藍就看綠台,支持綠就看藍台",0
"陽台一堆鴿子怎摸辦?小心他們身上的蟲,注意最近身體有沒有被叮",0
有什麼觀念出社會後整個被翻轉?浪費是為了養活更多的人,0
能成功挑戰美國的國家/經濟體應該不會有了吧?我記得以前教授說過日本那是美國的傑作,0
這是什麼簡訊?用模擬器來裝看看是什麼啊,0
"這個天氣吃什麼最消暑?火鍋,流汗後就會涼了",0
菸癮?hen好戒,0
港警玻璃心靠杯醫護人員對他們不禮貌?之前就有叫牠們用鼻子去找牠們要的人,0
有沒有田徑協會不相忍為國的八卦?體育界很看重血統跟人脈,0
"神明是不是最大的8+9?最討厭的是三不五時就放鞭炮的那種,全世界就他最嗨",0
PTT營利的話能贏8哈姆特嗎?這種介面一盈利馬上沒人要上了啦,0
怎樣才能讓推噓平衡?像這樣就平衡了,0
"為什麼有人不戴套又要人上性教育?讓愛滋生,小感冒而已,不要怕",0
桃園大古山哪間景觀餐廳最適合約會?南部胚,0
"分組報告全都自己做該怎麼辦?簡報簡單就好,重要的是講的人是誰",0
"肥宅仰臥起坐做150下算厲害嗎?來齁館長教大家,在家有時間齁,可以練練深蹲",0
今年會震撼全台的新聞有可能是什麼?中國或成最大贏家,0
他們曾經用BBS殺死一個女孩子?電影畢竟是電影,0
認真問怎麼跟妹妹相處?我是說p大然後就跟交女性朋友這樣就好了啊,0
如果台灣變成八成是平地?要慶幸台灣的季風氣候影響大過前者,0
劉樂妍代表作?去日本發展比較好吧,0
"為什麼美國車打不贏日本車?貴又沒比較好用,傻子才繼續買",0
中興便當好吃嗎?看起來就軍中伙食等級的啊,0
真假!老劉.?我認識的老劉是賣牛肉麵的,0
"這次勞資對立,有機會開國是會議嗎?dpp呂布…1黨,vs,3黨…硬干就對了…哈哈哈",0
"為什麼討噓很有快感?邊緣人只敢在網路上吱吱叫啊,卻不",0
腳皮有味道嗎?這魚本來應該不是吃腳皮的吧?,0
騎哈雷為啥一定要帶墨鏡的卦?靠杯蓋這麼慢是都還在睡午覺喔,0
"慟!被現實朋友發現仇女種摸辦?又沒差,你就找個跟你一樣的伴就好",0
"現在all,in,比特幣好嗎?太多人投入,之後會跌很慘,你可以買買看等結果",0
"古代打仗衝第一的都在想什麼?是說古代致命率沒那麼高吧,不如問一戰衝機槍的",0
台灣治水是不是其實超簡單?簡單的是台灣人的大腦啊,0
看過文具店賣什麼新奇的玩具?冒險R20,0
"為啥有和服、浴衣、韓服就是沒有國服?人的衣服當中國文化,那台灣人不能把原",0
"太陽餅怎麼吃?坐進子母車吃,吃完再出來",0
有沒有藥局賣藥不是藥師的八卦?開藥局也是有特殊營業許可才能開,0
李佳薇跟鄧紫棋誰比較屌?她的夜星超難聽,0
為啥閩南語在台灣叫台語?為什麼9.2的祖宗竄逃來台灣就稱台灣是它的?,0
5566學魔力紅當婚禮歌手能重返榮耀嗎?先從你跟初音的婚禮開始,0
"30歲年薪700萬日幣是正常值還是?中上沒錯˙阿,一半的人只有400萬",0
有咪有大雄衣服的八卦?蠟筆小新也是每天都穿紅色t,0
"惡靈古堡一代在當時算經典嗎?從宿舍回洋館,遇到獵人開門那裡嚇死人",0
如果豆導來拍曹錦輝的故事?豆導會自己演咖馬然後和妮妮來一段床戲,0
"有人上大號時,會一直發出喔喔喔聲音?你進去幫忙一下",0
欸!賣飲料真的很好賺嗎?二手賣我好了,0
"韓國人早餐吃泡菜嗎?去韓國當觀光客的時候,飯店早餐都有泡菜",0
"桐人484辦不到台灣之星?10秒都撐不到,難怪亞絲娜變公車==",0
調高上站次數後才不得已用本尊PO文的卦?請金城武分享洗廁所洗了多久,0
該加課什麼稅?海外所得不匯回查扣台灣資產稅,0
"魔獸信長開場雜賀眾擋路當小白是哪種人?開場撿肉拿去賣,雖然沒多少錢,但很爽",0
什麼時候發現長相很重要?幼稚園拍第一張團體照後…,0
"盒盒去健身?滾喇,噁心文原凶",0
"人類全裸和狗單挑能贏嗎?狗不知道,只知道沒有織布技術打野豬不行",0
救命三更半夜有蟑螂怎辦?怎麼辦有人建議我去買烤肉的夾子夾起來,0
"孔劉長得帥嗎?孔劉這小老弟他來問候的時候,我還真認不出是它",0
有沒有辦法洗存摺項目?去服務台請桂圓幫你改行次,0
"可愛型的女生為什麼都會配8+9男友?台妹愛8+9阿,不受控壞壞,跟柴犬一樣",0
偽物蘋果蘇打是否已經超越正版蘋果西打?是多喝點飲料好了,0
"冰島人開車都是飆仔嗎?你敢飆,你知道冰島超速罰金是依照速度狂飆的嗎",0
守歲要到幾點才算合格?早早洗洗睡躺平比較實在,0
"肥宅我加入勇士可以拿冠軍戒嗎?冠軍素肚,!",0
要用什麼方式合理躲避掃廁所?你都不要用就好了,0
明天開始有多少工具人會出動?肥宅只能自己騎125去應考QQ,0
有沒有泰勒斯《1989》的八卦?可能睡了24小時,0
"有沒有詹家姊妹ㄉ八卦懶人包?作弊教練誰都會不服氣吧,難怪蘆彥勳會講國家教練",0
孫安佐會不會越想越不對勁呢?他又沒對不起台灣人是要什麼歉意啦,0
"PIZZA吃起來像是鼻屎?問他""你吃過鼻屎?""",0
有沒有現在東邊有顆很亮的星星的八卦?東南方有貴人,0
慟!家裡停電可以嘛?除直台灣價值,0
"簽下去的到底在想什麼?認真講現在好很多,可是大部分還是無法適應社會競爭",0
"高雄這幾年經濟真的一攤死水嗎?死肥宅昨天吃啥不會報一下膩,嘔嘔嘔嘔嘔嘔嘔嘔嘔",0
"在日本旅行,台灣人都不會互相幫忙嗎?中國人真的比較友善…台灣人真的很自私",0
"20萬內還能創什麼業?中國跟不可能跟其他國家買拉,其他",0
"☺,☺,☺PTT最正確的科系是電機嗎?,☺?電機把進台積電當夢想,你在開玩笑嗎",0
"灰原哀抽煙喝酒可以檢舉嗎?以自由主義觀點來看,心理狀態已經成年,所以可以",0
"0-0是模特兒界的奇蹟嗎?2004年每天新聞都必報導,沒見過那麼瘋狂的",0
有沒有能年玲奈新開ig的八卦?是我的錯覺嗎?總覺得松岡樣子比年齡大個34年,0
"教小孩叫拔比麻咪的家長在想什麼?怎樣叫比較高級你講嘛,身旁沒人有小孩是不是啦",0
現代醫學治得好中了金剛指的傷嗎?聽說用牛糞糊一糊就好了,0
"周幼婷算正妹嗎?以前組過3EP美少女的樣子..,3LP,XDDD",0
表妹長得很像Hebe怎麼辦?都從國外回來了你覺得呢?,0
有沒有阿妹救了整個台北的八卦?阿妹這段真的可以看重播,0
☺?手機看感覺不一樣喔,0
當年痞子英雄棄小瑜選Grace的八卦?喔喔是電影版,0
"香港被拔關稅特區會怎麼樣?香港有啥特別的嗎?,廣州上海位置都比較好",0
台灣最速男484都在八卦了?地震文最速哈哈哈哈哈哈,0
請問美國的投票制度?美國只有五百多個平常戴著頭罩行動的人才能投票,0
"台灣是人治還是法治?人治看那美麗的情,理,法",0
"相信師父買股票的人在想什麼?那一定是魯蛇,溫拿都不會賠錢",0
有沒有人D卡每天邀請結果都沒人回應的?甘我屁事滾,0
"有沒有台中科博館的八卦?小時候戶外教學很愛去,因為國小就在附近而已",0
"新北市幾年沒變了?新北一堆南部上來的好嗎,已經很擠要大改冑",0
"有沒有萊爾富,hi,life,的掛?食物不好吃但特價都很優惠,只輸ok一點而已",0
104人力銀行的大學任職分佈準嗎?真正強的公司都找獵人頭去linkedin,0
"尻到一半會停下來去打蚊子嗎?靠,還去暖手,有沒有這麼專業",0
"兩年拿到碩士+博士,算神人嗎?既然是數學家,某方面來說本來就不能算正常人了",0
橘色的小蝦?害羞就會變橘了,0
有沒有凍末條的八卦?你以為每個人都看電視喔,0
"這timing因該很棒吧?嗯,跟我想的一樣",0
"可以周休二日又不用加班又不是22K的工作?可以離,但被騙總是會",0
"遇到惡鄰居就只能選擇搬走嗎?真的只能搬走,在台灣買房子真的要靠運氣",0
"南下?北上?拜神眾:神沒有是非,神是為解救台灣,",0
為什麼FB上的遊戲都不見了?好像你有朋友陪你玩一樣,0
說話到底要說得多難堪?現在幾點,0
越南茶與台灣茶的差別?越南茶的特色就是加糖之後味道會特別提味,0
"玉米大師?公司隔壁有農民種玉米,這種天災後也都會扶正",0
現在宣布明天正常上班會不會越想越不對勁?去提告性侵啊,0
裝甲車的由來?加速我們的飛輪前進,0
女孩兒在我身上磨蹭該怎麼辦?其實是你學長在你身上,0
被馬扁錢了?出門實戰啊都到了祖國了欸XD,0
"歐吐4不4母豬聚集地?我倒是覺得那邊好虛偽,要啥條件就開",0
"一日臺北,?好啦,關渡宮如何,還可以看水筆仔",0
"肥宅用什麼手機會加分的八卦?認真回3310神機,不說了",0
今天上班算不算U質員工?不會討好主管一樣是職場邊緣人啦,0
如何建立一個人的自信?是要一個人養成依賴高大正妹的習慣,0
18年不舉遇到拓也哥可解套嗎?拓也哥對不舉的沒有辦法,0
某財經連線?嘉偉老師很紅阿,0
"上完廁所不沖馬桶的人在想什麼?困擾別人,達到刷社會存在感的目的",0
請問遇到這樣的老問娘?或許你別去會更好?,0
肥宅拿起吉他玩搖滾有沒有搞頭?我究是貝斯肥宅,0
"台灣島民是不是都該看集結號?我說不錯看,是指戰爭場面,不包含任何政治因素",0
"恐同的人是不是反自由?如果想逼同性戀去矯正性向,那就是反自由沒錯",0
"夏天適合泡溫泉嗎?以前去廬山泡過,山上滿涼的也有冷泉可以",0
"約妹子2/14吃飯被已讀不回該怎麼辦?再等等,她約不到人就會回你了",0
電影海報不能有對女性的暴力?不然改用天啟被女人痛打的海報這樣大家都開心,0
還有人在考全民英檢嗎?台灣承認的檢定,0
有姆咪有肥宅484該出門了的叭呱O)e(O?在等區間車要去高雄發大財了,0
有沒有愛之血的八卦?小感冒被你縮der好像會死人一樣,0
"為什麼金田ㄧ的作者不繼續畫?後來有畫阿,變糞作…不,連載後期就有糞作趨勢了",0
如果規定存款不得超過10W台灣會不會起飛?像美國一樣人無恆產嗎?,0
上飛機後還能付費升等座位嗎?某個掏空公司認罪的藝人說不行,0
阿斗?都是白痴有差嗎?,0
是不是聽不懂的歌最好聽?曲好就算歌詞唱大便也行,0
PPAP大戰社會搖?你唸PPAP我唸PPAP發音都不一樣,0
檢舉獎金制度?不高興可以移民呀,0
希望美國再次偉大?祝希粉哭暈倒在地,0
大學哪科系最沒有業界聚會?直銷大會算企管的聚會吧?,0
"有沒有中廣網站塞爆的八卦?哭,不能聽到琦琦的聲音惹",0
"牛頓是不是心眼很小?就理工兇宅阿,當鑄幣局局長處死一堆人",0
"電線地下化?沒經費,故障查修困難,變壓器沒人想放自家門前結案",0
"中學被全班排擠後來怎樣了?她後來過得很好,小學生就群眾效應咩",0
現在新訓男女兵在同一個連喔?當兵就是幾十年前老梗就到現在,0
"有沒有以前的漫畫用詞很犀利的八卦?教練,我好想打",0
"跟人吃飯最討厭甚麼行為?還在吃的時候,走過來冷冷地問:付錢了沒?",0
"中國旺旺?bole,台灣出口四成,都接受敵國資助,",0
"到costco一定要買什摸?台灣人→退貨,退卡,拿不完的配料,喝不完的飲料",0
"離鄉背井的去打拼成功概率的八卦?長官移民了,高中同學移民了,肥宅送完老人也圓滿了",0
為什麼女生永遠嫌我不夠好?怕跟你說實話你腦羞成怒,0
"有沒有糞酒的八卦?原住民也會吃飛鼠大便,尊重各文化",0
如果中正紀念堂改成經國紀念堂?你是說霸佔日本遺留建設跟拿美援說自己功勞的那個?,0
吳京哪時去救華為副總?把台灣高等教育搞垮還要搞華為啊,0
有沒有短暫昏迷的八卦?哪剖?,0
"到底是""做""還是""作""阿?國文老師:,",0
"基督教是不是奇幻文學?人的寫作都太幼稚了,完全比不上現代作家",0
五月天主唱最大的特色是什麼?說感冒的有去看過演唱會嗎?,0
"有沒有台灣地位超級無敵重要的八卦?台灣尋求加入美國,才是上策",0
"肥宅平均罩杯?誰跟你外擴,林北都堅挺水滴奶好嗎",0
"有不酸高雄捷運就會死的八卦?為什麼車廂不掛多一點,冷氣早上不全開怪怪der",0
"這個武當派道士,好像可以打爆館長?影片的內容就是鼻子早年的電影啊配樂用得很點題",0
"能進華航當空服的水準高嗎?己一個人,應該要比較各航空公司工時",0
星宇航空會成功嗎?只要地名是中國台灣不會不成功,0
"有沒有優勝美地國家公園的八卦?你可以去太魯閣,只是小一點而己",0
"女生減肥,男生借尻都幾?供三小,把字打好來",0
"溫室效應,全球暖化危機解除了嗎?你知道海嘯前,海水也會退到不知道哪裡去嗎?",0
實踐的後山真的有菸草嗎?原來真的有喔,0
有什麼東西是比遊戲還刺激?你先開個現股當沖的戶頭就知道什麼叫刺激,0
"警察為什麼不管廟會?噪音是環保局管的,你知道嗎?",0
"最喜歡吹電風扇的國家是哪個國家?為啥阿,是因為要把覽毛裡面的水吹乾嗎?",0
"T是不是也會變聲啊?叫鴨仔王,聲音是鴨仔聲嗎",0
旅館休息結果一堆阿勞情侶的八卦?你女伴人不錯,0
為什麼有人清晨四五點要去抓寶可夢?你可以直接去問他,0
"有古代甲甲的八卦嗎?古希臘去看看,男性流行搞甲",0
"男孩兒分手後手機照片會刪光嗎?備份到D槽,還可以拿來尻拿來威脅前女",0
有沒有混沌之神賽特SET的八卦?被荷魯斯虐不適嗎,0
"在台灣沒進一線ic廠484很丟臉?是的,自盡或領22K選一個",0
"當初設計note7的人在想什麼?想賣8,這樣數字就比蘋果大了,哈哈",0
"當AV男優都會老得特別快嗎?台灣什麼時候才有A片商,我要去應徵",0
"欸,中午要吃啥啦?跟我一起吃",0
"大家覺得台灣應該接收難民嗎?你嫌台灣人死得不夠多,是嗎",0
"有沒有小孩怎麼學壞的八卦?被同學帶壞阿,你沒被帶過喔",0
"什麼叫嚴重腎虧?後來那個客人惱羞成怒,帶按摩者到廁所",0
"0.27可以要求重測嗎?拜託請直接往水溝或橋邊撞下去,別害無辜的人",0
"惑,!,大便竟然比尻尻爽?說不爽的1個月不要大便",0
年輕人都還在睡嗎?中選會快來喔喔喔喔喔喔喔喔喔喔喔喔喔,0
等等要看猛毒要注意什麼?玩旁邊的猛甲,0
台灣人是不是很習慣造謠了?台灣人可是從小就接受詐騙的菁英級訓練呢!,0
救命!我被困在房間裡?叫你兒子裝死,0
"棉花糖女孩,厚片女孩是?人家玻璃心不行逆?不像肥宅這麼耐酸",0
"土豪哥,vs,Justin,Lee,誰吃的妹多?而且瑞哥除了禿頭至少人模人樣",0
盜用FB大頭照還加本人身邊好友FB可以嘛?就過段時間會來借錢/買點數卡而已,0
"現在全台灣那個鄉鎮市區的民眾最好笑?高雄啦,",0
有沒有圖王消失就是爽的八卦?圖王是真的被抓了?怕.jpg,0
"酸不了的職業?一堆醫生從政,說不能酸肯定哪裡搞錯了",0
"Kratos守的住街亭嗎?守不住啊,因為衝過去殺人了",0
"兄弟象的球迷當年有多沒品?你去看看國外一些足球迷,這根本小case",0
受訓和營隊結束後會哭的都是哪些人?跟沒人愛的邊緣人很難解釋,0
"第一次進楓之谷當谷民有什麼要注意的嗎?,那個,卍什麼杰卍的,說借坐一下海豹",0
有沒有反方向的鐘的八卦?小時候超愛的可惜沒很紅,0
"現在還有啥線上遊戲好玩阿?現在對練功的線上遊戲沒興趣了,遊戲性很低",0
現在烤玉米一支賣多少?以前在台北市買才40,0
享受社會光環的人是不是都在踐踏光環?有光環還會收斂的人非常的少,0
一個人最多可以被水桶幾個版?超過兩個就鎖帳號了,0
日本為何要資助同盟會推翻滿清?去不會比較賺,0
表妹有強迫症怎麼辦?剛剛才在測試板看到那四張,0
高雄巨蛋附近有什麼壽司店可以吃嗎?當然是首選不舉壽司,0
欸!一公克的糖等於一公克的糖嗎?紙菸等於多少?,0
"真的有辦法一拳KO嗎?之前去泰國看現場泰拳,誰先撈到下巴就贏",0
西門町髮箍行情?寶雅也有..很便宜又多樣選擇~,0
哪牌的鞋子穿起來不會臭?換雙腳應該能改善,0
"ね、明天指考,可以說聲加油嗎?明年加油喔!^_<",0
阿福跟沖田誰比較可愛><?我以為是沖田杏梨,0
"有沒有ppt.cc的八卦?這有人問過,也有人解釋過你/一下很難嗎?",0
男廁露屌可以告性騷擾嗎?他每天都想被到咩咩叫,0
"天生無陰囊跟無陰莖哪個比較慘?說到這個,我一直很好奇沒蛋蛋會怎樣",0
"是不是小恩小惠就能讓高雄人死心塌地?幸福就好,閉嘴好嗎",0
"今天北部是不是適合看星星?陪妳去看流星雨,落在這地球上",0
"北部人颱風假,很愛逛街,看電影唱歌?說真的,不然要嘛XDDDDD",0
火焰之舞跟舞王的差別在哪?都預錄的爭這麼多嘛,0
"有挺同活動的異性戀很反同的八卦嗎?那男的是低能嗎,他才是那團的主要目標阿",0
"躺著滑手機肌肉拉傷怎麼辦?看標題都笑了,有沒有那麼脆弱呀",0
"達美樂有賣美樂蒂嗎?哈哈,你超幽默!",0
"聖結石在PTT被黑是不是反指標?4r,不然100萬訂閱都假的喔",0
"有沒有東石瀉湖(外傘頂洲)填平計畫的八卦?嘉義還那麼多空地,把錢花在那裡意義不明",0
"解放軍是有史以來軍紀最好的部隊嗎?我覺得以後碰到這人的文無視就好,越回他越High",0
為什麼台北拼成Taipei?因為以前日本時代讀做Taihoku,0
"有沒有韓國神話故事的八卦?台灣原住民有很多很潮的傳說,像大ㄐㄐ人,可以搭橋",0
"味全飲料新包裝,沒有商標的卦?頂新集團無法在台灣繼續欺騙台灣人",0
"努力和天份哪個重要?1命,2運,3風水,4積陰德,5讀書",0
"酸陳金鋒的人到底在想什麼?有人酸意外嗎,偷偷躲在電腦前酸最輕鬆了,真的上場",0
有沒有寸草不生的八卦?百合不好?,0
"停經的女生從政是不是比較穩?你在講誰,說啦",0
"你以前追我,那麼溫柔,從來不說no?不就工具人",0
台股現在可以裝葉克膜嗎?連多頭市場緩漲急跌都不懂的人還有臉,0
醫生比較不會得慢性病?他們平均壽命比一般人短很多,0
"吃美食衣服會炸開?我女跑友的爺爺,是那間學校的總帥也會這樣爆開",0
上海菜是世上最噁心的嗎?上海你要去吃龍鎮酒家的彈跳甲魚湯,0
便利商店微波食品的霸主是?筆管麵的也都超讚,0
長髮連身裙露大腿的韻味?你484在遊行現場,0
台中23K單薪雙寶家庭要怎麼過活?一定跟父母借(凹)再跟親友借,0
有沒有速報預估資料的八卦?想熊抱哥,0
"有沒有最經典的續集電影的八卦?當然是,列火戰車2,至尊無上2",0
"阿基師是特級廚師嗎?乾脆說他是被強暴然後提告,哈哈哈",0
江祖平這麼漂亮怎麼會是T?台灣教育失敗,0
該給pornhub和平獎對吧?pornhub高畫質和清楚的介面屌打xvi,0
台灣醫學系的環境?而且開頭還附註:個人申請,0
"環球科大有出帽T嗎?往下穿還好ㄅ,往上穿感覺比較需要恥力",0
"有退輔會的八卦嗎?你可以去看天然氣公司那些上面的董事是誰,退將一堆",0
現在還有哪種同性戀可以被接受R?至少T不會到處傳染愛滋,0
有沒有櫃姐說話很甜的八卦>\\\<?可能她剛剛吃太多糖惹,0
結衣是短髮後變正的最佳代表嗎?廣末涼子那種空靈短髮更厲害,0
過年回鄉下的人都初幾回家?北部以外都是鄉下,0
戶外運動品牌都是那些族群在使用啊?我都買組國品牌,0
"鄉民要為了建國獻出心臟了嗎?團長剛開戰就被咬,幫QQ",0
什麼臉型適合短髮?奶大剪什麼髮型都好看,0
"如果新世紀福爾摩斯會用ptt會怎樣?腦補太多,會被鄉民電到不要不要",0
Clair怎麼翻譯比較好?問Francis,0
"這是什麼蟲?,(樹枝包圍著)?拿火燒一燒,害蟲",0
"有沒有繞過唯讀發文被水桶的八卦?娘娘是我教先鋒,一出手便知笑點",0
有沒有奧運英國隊的八卦啊?台灣:相忍為國其他自己負責,0
女生一直回哈哈哈?哈哈什麼都不必說,0
學歷到底重不重要?一堆人嗆學店.結果現在喊學歷不重要,0
"天網快出現了,我們有阿諾嗎?第一集阿諾是來毀滅世界的",0
"台中天空一直閃?有八卦嗎?西屯的好,北屯的美,人口第2大城,戀戀台中",0
"廠工故意帶風向支持資方?台灣左左不長進,只會訴諸情緒",0
"女人是世界上最難懂的生物嗎?說真的沒開就不錯啦,就算是你是帥哥,也會扣分",0
竹筍竹筍?可憐文組團康,0
"為何台大文組男生,追私立文組妹沒優勢?書有沒有用(賺不賺得了錢)很沒意義",0
"玩街機排在神手後面的八卦?我看很多神人,都邊緣樣",0
藍染如果出現在屍速列車上?你什麼時候,0
"講超級標準中文的西方人是不是很少?中文講太標準的,都低等人,你不知道嗎",0
"有沒有桃園前站比後站荒涼的八卦?本來已經要動工蓋高架了,但乾爹燦一上任,遙遙無期",0
"早餐店奶茶?台灣人過去開的,?大冰奶的詛咒",0
"鮑魚到底貴不貴?看品種,台旅種的很貴",0
幫我選QQ?貝爺吃什麼就跟著吃準沒錯!,0
"台灣技職教育如何改變?不讀書,不尊重專業,沒有良心,柯說的真是太對了",0
姆咪來演屍速列車會怎麼樣?我覺得簽名檔有點噁QQ,0
有沒有小米進入全球企業500大的八卦?台灣人爆買啊,0
要怎樣讓ptt重返榮耀?無所謂耶我認真的,0
"女生閉上眼睛就是要你啾她的八卦?上次我插了一個正妹的眼睛,然後就親到了",0
曾經在風中對我說?多少愛恨刻劃的鏡頭,0
"最強神奇寶貝?認真說,法拉利姐",0
有沒有總統的丈夫要叫什麼的八卦?去問小刀啊..,0
"8+9學弟說想精我,什麼意思?精過之後,你們就是一輩子的好朋友",0
明天跨年一定要做的事?11點前回家,0
"要怎麼做,才能體會憂鬱症的感受?叫周遭的人投票日當天投你不喜歡的人",0
"包樂透全餐但又要省點錢該怎麼做?不要買台彩,你永遠虧錢",0
鴻海小故事是不是要開始洗板了?到時候都給1450玩就好了,0
有沒有台風的八卦?我還以為你在說賣烤雞的那個,0
有人還記得被80的楊又穎嗎?80個鳥昧死牽拖鄉民,0
"怎麼樣才算條件好?我也是死肥宅阿,一直被說胖,乾真的很煩",0
"田馥甄,Hebe?你是有在上班喔?",0
大家的手機首頁都放哪些app?沒戰女也敢貼圖,0
超級喜歡安心亞?幫我按一下服務鈴,0
麥當勞昨天是不是薛翻了?有這麼賺那每天都買一送一就好,0
酸酸的空氣?這篇就很濃,0
阿榮是不是簽下去了?現在應該已經在來希那邊了,0
為什麼很多人講話喜歡中英混雜?國台語的更多吧,0
有舊台南縣一哥-永康的八卦嗎?擠了很多外鄉鎮搬去的,0
"到底要點什麼才能看出那一家鹹酥雞的實力?點一碗紅豆牛奶冰,做得出來這家實力就很好",0
如果雄女台大醫事件當事人的性別互換?而且小魏在台大也不算條件多好的,0
"高雄若500萬人會有幾席立委?0席,中國高雄沒立委",0
"王建民第一任老婆名字的八卦?J發ㄏ的音啦,西班牙語,joder沒聽過喔",0
宮廟廟會多的地方是不是比較多底層人種?郭台銘可能是你所說的底層人種,0
政令指定都市取代直轄市?台灣應該改制聯邦,0
放假電話和LINE都不會響的人的多嗎?更慘的是響了結果是老闆好嗎,0
"中國,北韓,高雄,誰比較幸福?高雄人領幸福的22k,中國人住幸福的籠子裡",0
"歷史上有什麼著名狂人政治家嗎?中非帝國博卡薩,最後的蘇格蘭王伊迪阿敏",0
和北大妹、台大妹那個可以生出優良品種?你要先找到願意接受你的人,0
2個月薪買手機?4萬6買三小,0
撿到外星蜥蜴怎麼辦?缺牙小胖?,0
"肥宅如果當中國古代妃嬪要取什麼稱號呢?你可以菇狗,古代后宮嬪妃是有列制的",0
"我要坦然的面對自己?本肥難得今天買七星,居然不一起?",0
谷阿莫與邊際效用?但是麥當勞的例子是效用函數變了吧,0
開刀房為何不能吃鳳梨?去參加喪禮沒人在說再見,0
為什麼小學生的順口溜好像不會因為時代而?今天大年初十啦,0
"電蚊香對人體有害嗎?不用多久了,再18個小時就知道誰沒穿褲子",0
"好久沒尻槍給個番號吧?,有總不要跑,今晚見,",0
"大家聽過最扯的早餐是吃什麼?我在吃沙茶牛肉炒飯,好辣好爽",0
有無全真教教育失敗的卦?因為他徒弟都不是處男處女啊,0
"急!女生8個月間跟8個男生有關係,算多嗎?…………所以現在是吃好相報囉",0
幾點最想噓人?8:27分的時候,0
"有人在用環保飲料提袋嗎?飲料店附的,重複使用不就好了",0
戴鐵手套打得贏花學姐嗎?帶鐵手套可以屌打花學姊,0
"有沒有曾經楓之谷第一人的八卦?真的是很多人童年肥宅的回憶R,QQ",0
貓貓斜眼看我?他是想睡你,0
手機手電筒照亮演ㄔㄤ會是誰想的?以前是用打火機先的,0
"汽車騎樓違停用紙遮車牌?去回程,一天打2通110讓警察去勸導",0
姓吳能取什麼特別的名字?你標題不就想好了,0
喜歡的人說我幼稚怎麼辦?他去跟別人啪啪啪啪,0
外面的食物怎一直在叫?犯罪嫌疑人+1,0
室友沒人在逛ptt?那張圖是三小,0
"電視有啥好看的?問問土豪哥那晚看哪一台,甚麼節目這麼精彩",0
"聊天聊到一半要忙會怎麼做?還在話頭上就講,有一搭沒一搭那種",0
估狗趨鬼遊戲用滑鼠很難玩?聽說用繪圖板玩根本開外掛,0
有沒有LOL菁英外套的八卦?花點時間爬個菁英好了,0
"琉球是日本國神聖不可分割的一部份嗎?好可怕,親日可以但不要亂說歷史好嗎",0
有沒有幻象2000的戰力如何?至少台灣這邊向美國調貨方便多了,0
被強迫碰到胸部?這部其實還不差XD,0
大家是怎麼撐過來的?從20歲後沒撐過來過,0
"PTT人數怎麼不如以往了?掛著,不然現在的人應該真的手機看一下",0
悠遊聯名卡掉了怎辦?急?不用吧?我掛失後信用卡公司說會自己把錢轉回新卡,0
"太陽餅跟奶油酥餅是不是有87%像?差很多好嗎,你有看過奶油酥餅有太陽?",0
"在超商遇到直銷洗腦,該阻止嗎?問他,那你的賓士呢?他說停在門口就加入吧",0
登入別人帳號第一件事情該做什麼?第二件事是上法院,0
有沒有玩家門的八卦?我都會偷按鄰居門鈴算玩家門嗎,0
"沒錢怎麼要求質感?有很貴但是沒有質感的,例如台灣美學",0
"有迷有年輕人都拿哀鳳的八卦?年輕人都說沒錢欸,拿個唉縫壓壓驚",0
用掛燙機燙皺紋會平嗎?至少你會長得比現在好看,0
"洋基打線你能背到第幾棒?老實說現在的根本背不出來,拼裝車",0
男森約跑是不是很難?跟男生約不難吧,0
"台灣為什麼不學國外的「兩輪選舉制」?但是政治容易動盪不安,在台灣被美中夾殺",0
機車騎士在想什麼?兩輪跟計程車都是台灣道路亂源,0
"火星男,青蛙男,女生比較喜歡?你也是台灣人,你難道是韓國/新加坡人?",0
"快樂是有錢人專屬的權利?不要太沒錢,你說的一般人也做的到",0
阿笠博士拿麻醉手錶嘛?小哀我老婆,0
"台灣垃圾車是不是很沒效率?你可以去投訴改成200公尺,不過要先過里長",0
"２月推噓箭頭統計,誤差大不大?好吧GG,可能例外",0
潮的菜名?黑鮑魚香腸,0
"世界大賽打兩支滿貫砲什麼感覺?會變成傳說,不過薪水還是得另外算",0
"你能回到過去改變一件歷史事件,你會?去買20億的威力彩阿,嗎改變",0
傲嬌妹妹睡覺?錢三小喇,0
最好聽的月光是哪一首?一樣的月光一樣的照著醜肥宅,0
"大家哀鳳都撐多久阿?I6用四年多,本來也是今年想退役換XS,",0
"立法強制騎車戴「全罩式安全帽」?人都有一死,乾脆立法禁止生產好了",0
"過完年胖4公斤該怎辦呢?超廢,我胖了10公斤,哈哈哈哈哈哈哈",0
"已公開的補教老師實名?法律補習老師,一堆",0
颱風天台北聚餐去哪裡比較好?早餐店老闆娘親下廚,0
如果大雄有用ptt的話?有靜香就屌打87%八卦肥宅,0
有沒有懷孕的八卦?買回家用不怕懷孕,0
"有無流浪狗一群會亂,貓卻不會的八卦?怪棄養狗的人啊,怎麼反因為果,笑屎",0
台灣很愛把經濟命脈建立在敵國身上?台灣人哪裡能賺錢哪裡去,0
板上身世最悲慘的是哪位板友?全臺灣人應該都要看我可憐給我一塊錢,0
"年輕人都願意跟老人住嗎?已經有這種了啊,你今天才知道嗎",0
"為什麼台灣學校不出學園偶像?,?只能出學園魯蛇",0
有沒有鴿子停在窗口的八卦?不會開旁邊那一扇嗎,0
"La,new的鞋子都誰在穿?la,new已經不是那種只賣皮鞋的舊品牌了好",0
大四時都用什麼理由減修學分?垃圾才去減學分,0
有沒有傷痛不是工具的八卦?就叫你不要射在裡面了,0
推文末加個“錢”字可以嘛?對付想紅的人最好的辦法就是無視它,0
"請問要扮女裝,簡單的一套化妝品要多少錢?人家穿過的會亢奮去翻舊衣回收箱",0
"小S為什麼不跟老公罷工?拳頭形狀的桌角不稀奇,騎腳踏車摔成拳頭形狀才屌",0
"有沒有吃橘子,柳丁更容易嘴破的八卦?嘴已經破才吃沒用",0
"安娜卡列尼娜,是不是母豬?看不懂這怎會是世界名著,感覺沒什麼深度",0
有沒有排汗衫的八卦?可4肥宅穿排汗杉都排臭汗給人聞,0
桃捷被Google地圖排擠的八卦?還沒完整建構好吧,0
"我收到一個很酷的詐騙?幾年前就有的東西,之前還有被抄掉的,LR",0
蘭嶼真的有人在上班上課嗎?沒去過蘭嶼就不要自己幻想蘭嶼人怎麼過日子,0
曬!駱駝?幾百年前的廣告,0
"Samsung,Pay好用嗎?很抱歉,台灣的店家只支援apple,pay",0
"今天高雄空氣?昨天高雄也有下雨,所以今天空氣才會好一點",0
"金鐘獎的存在意義在哪?電影也是沒落阿,只是金馬有中國人稱場",0
這是一首抒發告白被打槍的歌嗎?以為速度放慢就不會有人發現,0
金城武今天中午吃什麼?我只吃早餐,0
當導演要拍什麼影片才會賺?要拍之前一定要有好劇本,0
"會搜尋自己發過的文嗎?日本不論男女都有米其林輪胎紋,很難看",0
澱粉肉蔬菜水果各選一種吃一輩子怎選?吃鮑魚就好一定不會膩,0
有長庚大學醫學系創意進場的八卦嗎?這學校其他系都只搭醫學系的便車而已,0
台灣有打太極的高手嗎?本肥小時候有學過鄭子太極ㄛ,0
"被東西跟到要怎麼辦?去通靈板啊,有很多人隔空通靈不是嗎",0
盒盒學煮菜菜?噁噁發廢廢,0
馬謖守的住聖盔谷嗎?連街亭都守不住的人,0
八卦板上抹黑江孟芝也抹得太誇張了吧?這才顯得台灣無知的人有多麼的多,0
"牙醫診所服裝有強制規定嗎?跟露奶課金手機遊戲廣告一樣啊,客戶就愛這味",0
有沒有滑鼠左右鍵壞掉用力敲就會好的八卦?買一個來換不到20元,0
"台灣最好的年代是什麼時候?日治時代,台灣人的穿著都比現在多數人體",0
"華航空服員都住台北?離開天龍國,就很不方便,桃園那鄉下地方,算了吧",0
大雄媽媽是不是很廢啊?花媽才真的廢,0
天氣冷還是天氣熱會不想動?肥宅射速疾如風,0
有沒有鏡子對床會怎樣的卦?鏡子裡有人會叫你起床互換世界,0
有沒有人覺得台灣戰爭其實不錯?想多了貴族死一個平民要死十個何況台灣有錢人比,0
"聽說9合1很早就投完,還在排的都是公投?投完會在裡面排公投,非常慢,滿了就會暫停放人進去",0
如果今天過後都沒Youtube該怎麼辦?紫色猴子一定是吱吱搞的(X,0
"買房子付現很猛嗎?新聞,頂新魏家買帝寶貸款九成,好窮",0
為啥名人總喜歡說自己是爪迷?恭喜中信兄弟總亞軍,0
哪一個新聞台準確度比較高阿..?票太接進電視台不敢再灌水了等中選會吧,0
"沒有免治馬桶是不是就落伍了?免治才落伍,我家的是免洗馬桶,用到現在沒洗過",0
"練硬筆字風潮何時興起的?甘國中處罰都寫這個,還要跟老師用買的,甘",0
"突然長出一顆牙齒?恭喜你,至少他有長出來,埋在牙齦裡的才叫惡夢",0
台北風怎麼那麼大啊?3644剩八個,0
空姐罷工完全就是為錢而已?沒人嫌薪水多但事變少好嗎,0
"肥宅認真煮料理會升級嗎?現實是肥宅都很懶,根本不會去學煮飯做菜",0
防災頭巾的功用是啥?先摸五次頭啊,0
"被香港牽著走的是哪些人?因為當過兵的人不少啊,內部的鳥事看多了",0
"農地慢一步改搶水源地?上次跟自來水的人爬一小時的山,才到一半",0
"今天起床,還是2月2日?安安,臭肥宅",0
"想養老鼠又想養貓怎麼辦?從小養就好了,他們會變成好朋友",0
有沒有禿頭了就無所謂了的八卦?戴上假髮依舊是驕傲的水仙少年,0
"台酒OMAR威士忌ㄉ評價怎麼樣?很讚阿,台灣威越得獎越貴QQ",0
有豆花妹現在在嘛的八卦嗎?站內信問他啊,0
有體育服飾店很好賺的掛嗎?我們這最近收了一間,0
最好看的樂高電影?最後一張圖怎麼怪怪的,0
"有沒有宿舍隔壁在開趴怎麼辦的八卦?其實隔壁很久沒住人惹,嘻嘻",0
今天在麥當勞上班的員工感覺怎樣?是不是該去買宵夜,0
"台灣CSI-玫瑰瞳鈴眼,藍色水玲瓏,的八卦?醫師喜歡壞壞的女生吧",0
我好像不該?或許我不該問,0
"女生體香的來源是,?89噁肥b嘴,有夠噁,嘔嘔嘔",0
有沒有問卦的人都是什麼人的掛?大部分都是問卦的人,0
"以後是不是該改稱人中出姆斯?喬登表示:根本畏戰,需要閃嗎…?還不是都碾壓",0
有沒有還不是媳婦就要幫男友家洗碗的八卦?對某些人來說台女結婚後就只是女傭而已,0
"steam遊戲怎麼都不翻中?度都受不了還玩什麼遊戲,乖乖讀書,懂?",0
還有誰沒升Win10的?一般人總是會對更新作業系統這件事情感到遲疑,0
秦始皇總共被暗殺幾次?去查當時新聞,0
"有沒有180天後的八卦?帝吧出征,笑倒眾生",0
"長榮不開除十八義士以後不敢搭的卦?如果我是長榮資方,很簡單,只要這18人出來",0
80%的人呼吸時只有一邊的鼻孔是全通的?影片內容說的,0
一輩子沒犯過罪算邊緣人嗎?就默默接受台灣社會遊戲規則的俗辣,0
"私立學校的正妹是不是比較多?比例上一定是阿,同時有兩樣優勢的人比來就比較少",0
"umu,ultra,boost的八卦?潮鞋,路跑趴穿去秀剛好",0
明天開鬼門?你今年要記得回去,0
"夏侯惇把眼睛吞下去的時候在想什麼?三國志裡面才沒說有吃眼睛,只有被射瞎",0
"華翠橋台北端,濃煙?青山王繞境",0
"大王沒什麼好酸的吧?誰啦,以為大家都那麼在意棒球喔",0
女生夏天穿無袖毛衣吃熱食是什麼概念?衣快笑死重點是那天36度,0
"為何教改後學童負擔越來越大?無解,怎麼改都是增加壓力,家長的觀念都是一樣的",0
紙牌屋都是真的?戀童甲甲==,0
應徵工作不帶履歷表?叫他滾好了,0
"有沒有discord的八掛?快速方便,連線穩定,收音好",0
兩隻薩克攻進我家怎麼辦?去開剛但阿,0
臉上油脂的味道?我女友都說有點甜又有點鹹,0
"twice的momo?搶三小,",0
"真的有人聽音樂聽一整天嗎?我可以躺在床上電視開一整天,算嗎",0
"賴半天已讀不回?認真回,你被封鎖ㄌ,去照鏡子就知道滾",0
"藍奕明現在在想什麼?2016不求婚,回歸中國馬上求婚,叛徒",0
"有沒有愈看愈可愛的八卦?我也很可愛,也一直交不到女朋友啊QQ",0
"美軍的沖繩基地是要保護誰的啊?講錯,是轟炸中國台灣省用",0
"為什麼螞蟻要咬人?黑山蟻,兇的咧.紅火蟻就是被黑山蟻滅族",0
各縣市包紅包大概要包多少比較得體?台北1500,0
"台灣覺青多當兩年兵能擋住中國入侵嗎?9.2是沒當兵過,所以打算人來屁股讓人捅就",0
電吉他是美好的發明嗎?你去聽汪大東的電吉他會有安全感?,0
鐵鉻行動的特工搭上屍速列車會怎樣?你可以先把國文讀好在來發問嗎?,0
才剛跨年就打死老鼠?好噁心,0
選奶大的不適用選擇題?我好幾年沒寫過選擇題了(痛哭),0
"蘿莉有多喜歡吃蛋塔?除了菜花以外,我想不到有說的必要",0
"有沒有種族歧視的八卦?我最討厭兩種人、一種是種族歧視,一種是黑人",0
"有沒有BanG,Dream!的八卦?但還是好臭",0
"有沒有格鬥天王跟終極一班哪個好看的八卦?格鬥天王有兩個大奶,當然選格鬥天王",0
在路上亂拍花學姐會怎樣?她會尿在你嘴裡,0
"為何交友軟體,台女清一色興趣都是旅遊?去國外雞掰比較好賣",0
"整天在便祕的女生心裡在想甚麼?馬的,喝大冰奶會烙賽,還便秘?",0
"社區高中考上私立前段文組可以放鞭炮嗎?不要再被騙去那些私立後段,科大/大學了!",0
有網路購物的八卦嗎?出貨交給物流商印了宅配單才有收件人資訊,0
"成龍來演刀劍神域電影版會怎樣?空手插死那個誰的時候,會甩手",0
露天寄簡訊通知要付手續費可以不要理嗎?買東西付手續費?,0
"實驗室裡面應該放什麼點心捏?戰備口糧那種餅乾,放的久又很能解嘴饞",0
朋友要一起出國玩怎辦?你有請醫生順便檢查一下腦袋嗎,0
"機油換好的騎起來感覺有差嗎?我換完之後,感覺是有變好騎一點點",0
"gogoro,中華電動車,都擠?除非以後出現三分鐘可以從零充到滿的充電技術",0
在監獄喝酒有多爽的八卦?可以偷偷和人家說我會避稅喔~~~嘿嘿,0
草莓的臺語該怎麼念?我們台語的刺波是這個不是般市面上的草莓,0
是否成人的世界背後總有殘缺?一個成功的男人背後都有,0
日本歌壇是不是不排外?你把亞洲空王放哪了,0
說吃安眠藥會傷肝洗腎都是哪種智商的人?後來發現要念完第二泡尿才會明顯退藥,0
有沒有聖石傳說的八卦?稀微的風中~珠淚飄落寒冷異鄉~,0
虱目魚皮湯是不是世上最偉大的發明?吃無刺虱目魚不就好了,0
"同學叫Cindy,綽號該怎麼取?你沒事幫人家取綽號嘛",0
有沒有網路賣的30元沐浴乳洗髮精的卦?我馬上現榨,0
演唱會退票手續費怎麼那麼貴~要退嗎?是不會拿去賣別人?,0
"Twice的綜藝感要怎麼救?眼皮女矮爆,老實說小女友綜藝感也很不怎麼樣",0
我等的船還不來?傷心太平洋底深深傷心,0
"台北年存十萬難嗎?對不少人來說很難吧,薪水不高房租又高",0
麻辣燙+提拉米蘇=?你吃不吃都會烙賽,0
"她拿著雙刀麻?,(初音陣線文)?為什麼會變綠色的,初音",0
金庸看到自己的作品被拍成糞片時在想什麼?之前有部鹿鼎記好像讓他不太高興?,0
"詠春拳在中國武術中算爛嗎?泰森學了詠春,八極拳,境界一定不一樣",0
打出email會自動隱藏?簽名檔真的超好笑哈哈哈,0
"有沒有哥哥姊姊要讓弟弟妹妹的八卦?我只想說,殺的好,哈哈",0
"普丁怎麼都屹立不搖?人家是有真實力的,哪像台灣文組",0
"台灣人484不懂服務的價值?4,台灣人就是這種水準,便宜就好,其",0
台東車票該買單程票還是來回票送人?台東有選舉?,0
肚子長毛很性感還是很髒?會性感的只有我,0
"鐵板燒是花錢看師傅表演還是吃東西?煙灰掉入鐵板混入菜中,敲好吃DER你都不知道",0
"現在撿到錢拿回家最好的方式?平常出門就要習慣大背包,至少裝個一兩百萬回家",0
"被釘到飛高高是什麼感覺?美國有威廉波特D,台灣有131",0
古人是怎麼學性教育的?以前13-15歲就可以開要學三小?,0
去煙草公司應徵說不抽煙是不是很蠢?馬上轉去保險套公司應徵業務,0
"暑假開始惹怎摸辦?不會跟著一起跑喔,超青春",0
請問自己到底是什麼?不管換什麼零件都是肥宅,0
身邊有沒有像小S的女生朋友?電視上才會出現,0
"關於肥宅們,哪樣比較慘?比你還現充怎辦",0
"有鄉民喝過馬賽魚湯嗎?要加豆腐,用味噌提味?",0
吃完大便不漱口去診所洗牙?開轉診單叫你去大腸直腸外科,0
為什麼說統一是化工食品都不會被告?號稱只要有工廠就能去,0
"有沒有大東亞共榮圈套在中國也適用的八卦?自己制度爛還要強加別人入盟,一樣嗎",0
"老闆說他打球後,肩膀爆了?你老闆是不是還會叫他老婆過來一下",0
真的有人可以用光劍砍子彈嗎?之後身上就有兩個彈孔了,0
"為什麼很多人都會說希望以前能多點書?看到醫生朋友妹開雙B,你不後悔?",0
"結衣小時候會想當寶可夢大師嗎?上次用大岩蛇跟她的大舌貝對戰,結果我被吃了QQ",0
"急難到機器都修不好了嗎?作業自己做,不爽不要,滾",0
"貓貓哭了?,是不是你太臭",0
"1124,去哪擺夜市最划算?擺人多的地方最划算",0
有沒有高雄今天塞車的八卦?根本沒人..只有年節塞,0
"女生越來越少以後男生只能娶外籍?誰說的,最近一堆30up的剩女大量釋出,還沒人要",0
"台灣的機票貴嗎?我覺得台灣位置很好,去日韓泰都差不多",0
要怎麼慶祝花丸贏得4單C位選舉?我是偶大派ㄉ,0
"有天朝觀的中國人?私底下,就盡量不要往來,除非他是有誠信的人",0
"黃種男留中長髮最帥的是金城嗎?我覺得城武比木村帥,木村只是比較潮",0
"春夏秋冬,哪個才是最讚的季節?秋天前期,東北季風尚淺+副高壓在台灣附近",0
"半夜不給抓寶可夢?這個叫做軟鎖帳,找一隻怪丟偏40次就好了",0
CNN的廣告?你可能也不知道台灣有在英國電視台做過旅遊廣告,0
肥宅的手手?橘皮組織嗎?,0
"氣溫明明就低於體溫,為什麼人還會流汗?因為氣溫三十幾度時,身體的熱就很難排到空氣了",0
"40歲單身女,嫁外勞or工人?47歲的好,男女差7歲,是最萌年齡差",0
"有沒有Julia,Wu的八卦?只認識日本的julia",0
"欸欸欸欸欸?你老婆太正了吧,快給錢",0
美國有債務危機卻又減稅?美國總統是破產達人啊,0
有沒有駐版工讀生的八卦?那偶講最後一次三葉偶老婆好惹,0
"粉絲都怎樣追明星啊?在明星腦裡置入晶片,隨時操控就不用那麼累還要追了",0
有沒有VHDL的八卦?只是寫出來很簡單啦,0
成人展結束現在覺得好空虛怎麼辦?交日本AV女優當女友,0
"為了環保限用吸管,那為何還增加火力發電?你問蠢覺青和綠共為何要把台灣弄爛至此?",0
"窮魯的隱藏消暑勝地?在家裡吹冷氣最耗錢,到星巴克點杯咖啡才划算",0
逢甲跟交大差在哪?讀中原元智好噗好,0
現在還有多少人記得PTP這個樂團?…我認識PTP的時候K已經過世惹QQ,0
"台灣松山、日本松山哪個是松山一哥?有南沙的日本台灣,vs,有金馬的中國台灣",0
"火焰挑戰者是不是製作費很高的節目?又不是每闖必過,背後收到的廣告效益也驚人",0
吃到不新鮮的生魚片該怎麼辦?吃東西第一口覺得不對就是真的不對不要不信邪,0
有沒有「禁911」很低能的八卦?你在看托斯台?,0
"欸,人手一杯飲料是怎樣啊?這篇文看得好痛苦",0
有沒有DYSON霧化扇的八卦?現在是在說眼睛乾不乾的問題嗎,0
"鄧紫棋,<,的八卦,?香港人不就是中國人嘛",0
"If辦全台聯合美食展,新竹該拿什麼參戰?國宴出現過的給你參考,米粉,貢丸,澎風茶",0
"國外短片玩的跳跳跳遊戲是啥?Color,Change",0
我們到底可以吃什麼?高官都吃進口的,0
被親戚問什麼時候結婚該怎麼辦?同性婚姻現在還不合法ㄟ,0
"為何在周瑜死後,魯肅能接任大都督?魯肅周瑜是東吳唯二腦袋清楚的人,你說不怎麼樣?",0
"上班時間推銷?在辦公室也沒事做,就陪正妹業務聊天啊",0
竹鼠484很可憐?這隻雞淋到雨了,0
"sleepyuan,你又不看政見我嘛認真寫?誰說我不看?,錢!",0
中秋沒要回鄉要嘛?滯南北部人,0
"多少p幣才算富有啊?聽說台幣四千萬算庶民,所以p幣再多",0
臺灣有辦法跟日本一樣事實婚嗎?肥宅跟初音就是這樣啊,0
"人死為大?人活有罪?因為死了要找誰追究?,那樣會弄得家屬更可憐",0
"初戀的滋味?貓跟你都想了解,滾",0
有沒有假釣魚真網路霸凌的八卦?到fb不知道啥心態,0
給十五歲的自己?真想知道麻美那部漏打馬賽克的是哪部?,0
台灣的爸爸是中國還是美國?先問問你希望你爸是美國人還是中國人,0
台灣是不是還沒有描繪228大屠殺的電影?台灣現在已經被政治玩壞了..沒有金主敢出資去得罪,0
"語無倫次無法開庭?不自證己罪,你本來就不用回答你有沒有殺人",0
"仙劍哥怎麼不發文惹?以後沒優文可看了,該怎麼辦?",0
"麥當勞早餐時段的工讀生是不是比較會?漢堡皮越來越像泡棉,早餐時段靠英式馬芬就贏了",0
"上公車如果四張悠遊卡都沒錢,只剩千元鈔?請車上的正妹幫你付錢,說等等請他吃好料的",0
為什麼金剛狼不是演金剛骷髏島?之後會去演金剛戰士,0
這是什麼蟲?我猜是細細長長圓形的深咖啡色多腳蟲,0
高進有比羅蘭度強嗎?賭神是會催眠跟變牌的,0
甲甲會不會自己吵起來?內鬥）?民法的家屬定義先看過再說好嗎,0
"有什麼手機比oppo,F1s性價比好,?現在這個Note還活著三星的玩完了",0
"艾蜜莉雅是當老婆的料嗎?大家都知道雷姆才是,艾米只是心中的偶像",0
"鐵人三項要怎麼在兩小時內完成?你能兩小時內,以後就派你參加奧運了",0
8+9妹有什麼特徵?我平常有個樂趣就是去看一些很LOW的,0
"什麼是人情味?只有老外會遇到的人情味,台灣自己會遇到火爆打架味",0
低卡是不是快超越PTT了?只會做夢的地方睡著才會去,0
"thank,u,next瓜哥是不是紅遍全世界惹?謝謝,下一位",0
有沒有居住在台灣哪項技能最派得上用場?要能夠賺錢養自己啊,0
"明天原本上班擇日補休,但放颱風假該怎辦?你去上班啊拿錢加補休",0
戴DW錶的人再想什麼?潮人必備…但還是大輸宅宅的JAGA,0
連俞涵怎麼這麼甜?他是在相聲瓦舍唱很難聽的歌的人嗎?王老先生什麼的,0
有沒有陪姐姐晚寶可夢的八卦?國文老師放暑假囉,0
"皇后合唱團的佛萊迪和魔術強森?個人體質吧,大概",0
打小鋼珠是不是會上癮?不然阿兩怎麼會輸到脫褲子,0
"有人平常都4裸睡的嗎?這樣被子會吸飽油,很不衛生",0
"文組在台灣被輕視是被台灣文組害的嗎?也許吧,那國外的真文組,畢業都做甚麼?",0
"柯文哲?英糞:台北市在台灣所以是主子政績,高雄就不是了!",0
"直接去朋友家問他在不在這樣很沒禮貌嗎?有些朋友讓父母知道,父母會覺得很丟臉,像我就是",0
"飯店的床墊都多高級?飯店會有特製款沒錯,跟民眾買到的版本不同",0
"有沒有湯姆與傑利blue,cat,blues的八卦?長大後覺得這部很有趣,盡忠職守的老是被處罰",0
"今年228,遊樂園怎麼都沒有優惠?忠吉塵爆導致大家望之卻步吧",0
"詢問有關五天的心靈成長課程要價兩萬元?很多人上,而且這還算便宜的",0
白色素T那裡可以買到版型厚一點的?問元朗人啊,0
"韓國阿宅有在斗內嗎?明明就有一次百萬的,不要在當井底之娃了",0
世界上的有錢天龍人都住在哪裡?有勢不一定是天龍人,0
甲甲有瓦力嗎?請正名大叔控,0
"看動漫電影看到一團八加九怎麼辦?沒簽聯絡簿,我真的超不愛簽聯絡簿的~一個月簽一次",0
人是不是生下來準備下地獄的?你我現在就在地獄了呀,0
大家多久後會忘記一例一修?無恥黨工死光以後,0
有沒有人總是喜歡回味音樂?想回到過去,0
"人生第一次抽到免費電影票要找誰去看呢?找我找我,我喜歡跟大叔去看電影呢",0
那個縣市特殊行業最多?有差嗎?反正以後都要砍警察員額廢掉警察了,0
魯路修當初有多紅?沒死就註定變糞作了,0
七年級50歲後該怎辦?等著被年輕人戰退休金啊,0
"看到神A撞成這樣還不買bmw的人在想什麼?神A就是有錢沒錢都會買的車,才賣那麼好",0
"悚,台北到底是不是我的家?南部人真的都不管紅綠燈,這首歌先知",0
"老虎的牙齒很值錢嗎?傳說蛀牙的人,只要拔老虎的牙齒就能",0
"男警言語性騷擾女檢察官會怎樣?女檢提告前,男警就會被所長,局長飛到月球去",0
"張雅琴正在為警察崩潰?吃飯看她新聞就飽了,演成這樣",0
肥宅聞熟女正妹班導的鞋子會被圍毆嗎?現在已經是阿姨了,0
多少人知道這次美國總統後選人不只2個?非兩黨提名人在米國總統勝選的機率是0,0
如果要拍金庸傳誰適合演金庸?會比較有看頭,0
以後草食男(草食肥宅)會越來越多嗎?吃草還會那麼肥喔,0
"寶島台灣是失落的亞特蘭提斯?歐洲講到台灣,想也知道太扯",0
"金礦咖啡?你發問,連,金鑛咖啡,的字都,打錯",0
蘋果刪掉學霸新聞?去討論一個非公眾人物換男友..本來就是很瞎的事情,0
可以跟你擋鎯一下嗎?外省卦黑話!自己去削鎯好嗎!,0
車牌疑似被盜用?急?你說呢?遇到這種事你不去申訴?,0
"柯南跟小蘭洗澡時,勃起會怎麼樣?體能狀態不是變差了嗎?",0
有沒有FB直播闖鬼屋的八卦?可是都拍不到鬼…讓我很失望,0
國道客運座位被坐走怎麼辦?上次有火車的也發一篇公車也發一篇,0
"亞瑟摩根已經死亡了?那你這句就話啊,因為事實就是遊戲兩個都有做啊",0
"黃國昌,2019-01-15?彈劾成案2+9就可以了,11人表決沒問題",0
"關於今年姆咪要跟誰過聖誕?姆咪給你,剩下14個學生跟我過",0
"有沒有Ken,Lee的八卦阿?啊你知道要嘛",0
"有沒有禿髮樹機能的八卦?先小輸給文鴦,後大敗給馬隆.",0
"欸!電子遊藝場是在玩什麼的?去看賭博默示錄,給開司一罐啤酒",0
"遊戲""還願""裡面有請真人演出嗎?中國味這麼重也要台灣自製?",0
張根碩很根碩嗎?難道這94一堆迷妹迷他的原因?,0
"苗栗的雞排飯?還好吧,有些超小的小G排",0
有沒有臺灣的颱風假特別久?日本颱風三個小時內就跑的無影無蹤,0
如果發現自己的男/女友在ptt是廢文王的話?宅味十足再加上鄉民思想無法升級,0
"有新莊副都心的八卦嗎?我朋友買二年還三年,說都沒鄰居",0
"尋跟邱主任很像的日本人?有人說松下紗栄子蠻像的,自己去google",0
現在出國留學還選美國嗎?堆有錢美國人.非白人出走的問卦阿?,0
有沒有人比較懷念當初的魏馮石事件?可能兩個都覺得無聊的人喜歡看同性戀文,0
"有沒有芬蘭果汁的八卦?只在那吃過甘草糖,噁到吐",0
"小時候不念書,長大當______?陣頭藝術工作者",0
為什麼北市老人這麼在意1500?阿喪都在說柯把他們的1500拿去和市府員工,0
女友在大陸覺得空虛寂寞冷怎麼辦?她的中國新男友正用肉體在幫她暖被子,0
"肥宅很愛吃炒飯嗎?肥宅沒得草,只能吃炒飯",0
"為啥有宋七力前車之鑑台灣人還不醒?怎不說,那些人上輩子欠他的,這輩子來還",0
"為何周杰倫不選擇Lara?Lara正,但是人短了點",0
"尾牙吃過最貴的菜是哪一道?第一張的是排翅,比較貴吧",0
所以誰是碼頭姑娘?石馬豆頁女古女良,0
"索隆用嘴咬刀怎麼都不會流口水?握把會吸水啊,所以別人都不敢拿他的劍,超臭的",0
"黑嘉嘉是不是很好把?先有佐為的棋力,再說服她下脫衣圍棋",0
"今天沒吃湯圓會發生什麼事?賣湯圓的會少賺,進而影響生計,非常難過",0
我們越來越愛回憶了　是不是因為不敢期待?你卻發現只有你的雙手陪伴你,0
跟學妹在海邊遇到千年寄居蟹?還不是老爸凱瑞,0
小玉問大家他那要改進?遇到長毛象跟劍齒虎是三小啦XD,0
為什麼汽水要放氣?你可以對著汽水說:不要放棄,0
流星雨算不算神曲?你的名字…,0
一直在家裡的床邊聞到煙味的八卦?換氣密窗不會喔,0
轉運站的東西物價是不是坑錢價?現在耳機隨便都好幾百,0
"OLD,TOWN,ROAD是美國版的我們不一樣嗎?這首很好聽啊,可惜肥宅不聽",0
有沒有前男友的八卦?不知道是不是同一人就是了啦,0
"美國人支持東亞裔的多嗎?華人就乖乖跪下來吃懶叫就好女子無才便是德,",0
"米塔,洋城,洋朵差在哪裡?亂碼先改一改",0
"鄰居裝監視器對準我家怎麼辦?門關上窗簾拉上啊,都幾十歲的人了還要我教",0
"看起來乾淨的男生是什麼樣的概念?吃飯買包包付錢請客時,把錢包清空乾淨啊,懂嗎",0
郭靜最近怎麼都去校園唱歌?她唱歌很好聽不過一直就那樣子紅不太起來,0
"有了夢寐以求的容顏你會嘛?站上小巨蛋舞台,大喊大!平!台!",0
"這種奶子到底大不大?超小,根本靠奶罩在支撐",0
"金雞獎中100的人在想什麼?我就沒中!,還好只買1張…",0
"村子裡來了一個傷患說要打天下?先打蘇州再打南京,怎樣?",0
"如果肥宅這暑假每天跑三千會瘦嗎?太胖傷膝蓋喔,游泳比較好强度也好控制",0
"男生一定要會開車嗎?開車不難好嗎,開不好的原因通常是沒有車練習",0
有沒有車展業務比SG還正的卦?SG是漢草好不一定正吧,0
"收到的奇怪影片怎麼辦?記得先報警,找特警衝進去",0
明天世足誰對誰?姆咪打莫札特,0
"認同公道自在人心,時間會證明一切,嗎?要能很堅持的人",0
"加班到9點沒有加班費要買什麼吃的八卦?先去罵腦洞部長,一直說有加班費可拿",0
台灣演藝圈高學歷的是不是不少?高學歷的都給你講完了,0
絕命毒師到底哪理經典?真的要有點年紀和社會歷練後再來看這部神作比較好,0
去參加techno派對有沒有什麼要注意的?帶張椅子去,0
有沒有卡通頻道的八卦?嘛要更新永遠有沒看過的小孩出生啊,0
母豬教的定義可以套用公豬嗎?你這樣不行喔!粉絲會崩潰,0
死刑犯值得被救治嗎?醫生賺經驗值啊,0
"有沒有關於小熊的八卦?打進爽一下而已,又沒說會拿",0
"有沒有納豆的八卦?以前大家喜歡吃甜甜圈,大人為了騙小孩吃噁心東西",0
"是不是應該先查一下那些包圍的人?這才是台灣人情味,反觀鍵盤沉默,",0
交到女友是什麼感覺啊?夢差不多要結束該起床面對現實的感覺,0
"為什摸女權要管宅男玩H,game呢?只准人棒她們啊",0
王澤鑑法律界有多狂==?台灣民法第一人,0
酒喝太多會對大腦有什麼破壞?上次看一篇研究說喝酒對人腦的影響,0
"跟安海瑟薇""結婚的感覺怎樣?所以後來美國人討厭她裝出來的人設",0
我是不是你最疼愛的人?這是死人歌,0
張學友的演唱會票很貴?八百的喊票到一張三四千,0
"以嫁給有錢人為人生目標的,是怎樣的人?認清現實並且願意承認事實的人",0
今天以明天放假的心情上班?去問護國神山能擋掉幾%,0
"還魂夜當初票房好嗎?台灣片名叫,整鬼專家",0
心慟慟怎麼辦?記得看醫生檢查有無相關疾病,0
"快被當怎麼辦?敢不給面子,你快帶人去他家再問一次cc",0
"日本人平均一分鐘殺10個台灣人的八卦?現在也還在坑殺台灣人阿!,為了舔共!",0
小陳到底是啥來頭?我知道他故事很多,0
有沒有建中畢業的魯蛇在這?嗆到自己學長,0
有沒有hiokchi幾乎天天發黃國昌FB的八卦?很心虛不然下個會期也來貼逐字稿好了哈哈哈,0
"yuri一開始到底是哪個語言的名字?咱中國發明的,2000年前就有",0
"館長做得到人體國旗嗎?人體國旗沒辦法,人體爆氣有可能",0
"妹妹躺在我的腿上?,是弟弟吧",0
碰到貪吃的喵喵該怎麼辦?好可愛的兔子哦,0
"有davichi的八卦嗎?真的很奇怪,聽韓樂的人特別喜歡戰T-ara整形耶",0
我愛上了一個讓我奮不顧身的人?是否成人的世界背後總有殘缺,0
怎麼分辨雞睪丸的真假?真的會越煮越小,0
"寶可夢設定只能一個人抓,會怎樣嗎?像天堂一樣包場,看到不認識的打了再說",0
肥宅要怎麼成為一位世界級的麵包師傅?先認同中國台灣,0
"華航地勤什麼時候發動罷工?全民買單,",0
海茵大家可以嗎?我老婆請撤照,0
亞洲都是傳子不傳外人嗎?因為台灣大多中小企業都是100%自己的資金,0
"大家尿不出來的時候,都在想什麼?後面有人我尿不出來",0
書記書記初期設定的八卦?滾回森林喇,0
"有沒有高雄車站的八卦?叭叭,只能開發北市,把錢灑在他區就是浪費",0
檢驗控是不是很適合去消保會工作啊?很適合去醫院玩驗尿管,0
"Why全亞洲都沒有同志婚姻合法化呢兒?自取其辱,做越多讓人清楚宗教根本已經變質",0
"憲哥做過科技業RD?憲哥真的猛,一般人倒一次就爬不起來",0
特賣會的八卦?野原美枒才會去買啊,0
長照跟安樂死怎麼選?我也現在就想安樂死了,0
"有沒有前女友的八卦?跟他聊又不給他機會,這樣是公豬的行為",0
"為啥有宋七力前車之鑑台灣人還不醒?怎不說,那些人上輩子欠他的,這輩子來還",0
有沒有自己帶印表機的八卦?以後會變成買墨水送筆電,0
北部皇城內的可以帶肉去火鍋店煮嗎?會傷了皇………城內的和氣,0
"蘿莉收到高級巧克力會眼睛發亮嗎?除了菜花以外,我想不到有說的必要",0
相忍為國為什麼變成負面形容詞?相忍為國的負面就是捨不得花錢在運動員身上,0
"台大農機系畢業可以嘛?大叔那年代農學院的最高分啊,出路是會差到哪裡去?",0
"為啥真正胖的女生不說自己胖?因為真的的事情不能開完笑,人家會生氣",0
"急診怎麼有這麼多,波波,阿?南部更多幫南部人QQ",0
收尋關鍵字會被監控?亂造謠你會被抓起來..我先幫你存檔,0
"葡萄牙的葡萄有什麼過人之處?還有一個國家用你的懶立國,才屌!",0
"加入一堆串流,但其實都看不完聽不完?不如拿去抖內雖然也不到",0
"為什麼子瑜在新歌份量這麼少?子瑜在韓國是twice,裡人氣最高的.",0
"Gossiping,Joke化了?======>,裝TW人五毛:分化台灣是任務",0
"是不是要請老闆去看KD?請總統去看一下,明天我們就被統一了",0
"欸,認真,台北市哪一家吃到飽能打的阿?吃寒舍還不如去吃君品,東西還比較多",0
"小琉球三天兩夜這樣算便宜?三天其實剛好,比墾丁好上千倍",0
我這裡風不大欸?啊是干我屁事,0
"有沒有,煙灰缸來了,的八卦?橘子跟花媽對調那集吧",0
"中華電信mod是爛怎樣的?很想支持,但套餐規劃差,透天整棟機上盒月費貴爆",0
路徑詭異的颱風?以前有個2進2出的颱風差點搞死台灣,0
淹水是不是無解了?先檢討治水預算花去哪裡跟成效,0
有沒有杯緣子的八卦?特別版草剪剛咧,0
有沒有偶像聲優要會彈鋼琴和跳馬的八卦?逢田姊什麼都要會,0
"昨天有篇談alphago的?,這樣都找得到",0
"墾丁其實比沖繩好玩吧?是!有衝浪來說,墾丁是非常好的!可惜一堆台灣人只",0
"天婦羅的譯名484歧視啊?翻成甜不辣比較好,應該還沒人用過ㄅ",0
"華航保留官股的理由是什麼?的屎坑呀,看看剩下的電信公司多廢你就知道了好嗎",0
"把精神病患集中管理可行嗎?人犬最有大愛,但砍到自己人就是唯一死刑",0
為什麼外勞男生都比台灣男生會打扮?台灣人是名的不會打扮吧,0
"老實說,邊投票邊開票是不是很怪?在台灣是很怪,但想想美國,也還好",0
"為甚麼提到肥宅的問卦很難讓人認真討論?因為肥宅本身就是笑話,嗚嗚",0
有沒有辛亥爆哥的八卦?和解五千萬那個辛亥爆哥嗎,0
第一次去台北?先裝做不會講臺語,0
郭襄為什麼要死守襄陽城?歐洲這招蓋城包圍城是斯巴達人先想出來的超慘忍戰法,0
"沈痛呼籲!認清現實,回頭是岸?吸獨俗仔們這樣真的沒用.快去上街去棒賽啦!",0
想念頭髮怎辦?禿頭再叫我,0
有沒有中頭獎沒去換的八卦?呃..我選擇死亡,0
宇宙少女裡誰最漂亮?好像都同一人XD,0
"要怎麼才能在PTT名留青史?堅持翻甲,打倒高層",0
想要問問你敢不敢?早知道是這樣,0
"付出那麼多社會成本小魏是否應該負全責?學長根本不用執業就爽過了,小魏被海放啦",0
好男人被欺負了還不戰出來的八卦?想一次釣三個太貪心,0
台北有人少的大賣場嗎?去隔壁要飯吃,0
鄉民老了就會降級消費嗎?這叫降級?,0
"我一個人吃飯,旅行,到處走走停停?孤單是一個人的狂歡",0
"中華民國滅亡,=軍公教年金解決,?新的國家有新的體制,舊的國家的體制當然就不適用了",0
"張懸的三大神曲怎麼排?三首太少了啦,光神的遊戲就10首都超愛了",0
"到底你還要下多久?看到你這麼煩,我就放心了",0
過12點菜味484就不那麼濃?你不發就不濃,0
"今天跟子瑜的情人節?腿那麼粗,你喜歡吃蘿蔔?",0
如果讀理組患了精神病是不是沒救了?得精神病要讀懂數學物理化學頗難,0
"朋友在中國的超商外面起了大霧?快進去,真的那是結界,~",0
日本羅森的炸雞君該選哪個口味?剛炸好的原味,0
"商店的衣物沒賣完會到哪邊?燒毀,某國產連鎖成衣店長,強者我朋友告訴我的",0
"是中華台北,不是中國台北,怎翻譯?華人給我滾好嗎,全世界只有一個,就是中國人",0
女生是不是結婚後就放得比較開?難怪我覺得人妻特別有吸引力,0
"有沒有烽火三國2的八卦?只玩過1超好玩的,聽說2很爛,不過還是會想玩玩看",0
"親戚小孩比我有錢該給紅包嗎?阿不就你害的,有本事讓你父母能去炫耀阿",0
左撇子尻槍也是用左手嗎?就好像打網球一樣反手握拍,0
有沒有左旋肉鹼的八卦?不鞭你怎麼會醒,0
"有沒有生孩子會帶來好運的八卦?如果,生到罕見疾病的小孩,.,.,.",0
"21歲如何存到存到30萬?如果你是女生的話,16歲之前很好賺",0
有沒有烤鴨一定要買半隻的八卦?你可以買半隻去228公園找人陪你吃,0
"豬哥亮離世那天會是賀歲片光復日嗎?豬大哥是台灣一代天王主持人,後人難以超越",0
"為何原住民叫漢人:,白浪、木?世界各地都歧視中國人,哈哈",0
"打50/20贏到5000算神嗎?你吃,我若你下家,直接餵下家讓他飽我在下",0
"高雄人高中升大學,很難不北漂吧?不過這就是過去台灣教育長期重北輕南的",0
為什麼原住民的腿穿絲襪都爆正?沒圖發什麼文,0
有沒有批踢踢關機後就不開了?這如果發生..真的暴動惹,0
"為什麼中國在亞運奧運不吃台灣豆腐?中國是亞運萬年榜首,不用吃台灣豆腐也",0
第一天當縣長要注意什麼?那你是想站著還是想掙錢,0
金融業面試是在邱三小?魯蛇不要去佔缺好嗎,0
有沒有比素三牲更強大的特色點心的掛?國軍軍糧餅乾,0
"里長會比郵差辛苦嗎?人幫他聯絡寫要處事的事,需要跑腿是里長..",0
這樣一餐在台灣要多少?吃你老師喇,0
貼文沒人點讚有掛嗎?可悲的肥宅,0
"警車違停機車格買永和豆漿,網酸「又是在執勤公務吧」?哪個死刁民11點半出去買午餐的,我見一個揍一個",0
陸客減少也有火燒車的因素吧?哪天2ch天天說台灣視土人島的時候就完蛋啦,0
"欸,海邊有個人在吃青蛙啦?我才看到納蘭迦死了",0
"爆x公社影響力>>>>>PTT?你傻傻,爆料公社比較好帶風向呀",0
"大家給新華航高層的處理方式給幾分?腕也是沒辦法的吧,事後麻煩事再說再解決吧",0
"馬桶漏水,兩個月水費二千多怎麼辦(發錢)?請尊重專業好嗎?有問題請找水電師父,謝謝",0
撿到小烏龜該怎辦?幹有夠垃圾我說養他的人幹,1
"當初是哪個智障劃六都的?政治人物誰都想討好,結果放爛國家整體發展",1
紙吸管的缺點在那?幹你娘一群低能環團,1
"頭越大越聰明?小頭症不一定會智障,平均功能比較低是真的",1
"被別人罵廢物該如何反駁?無法反駁,我就爛",1
這場雨會不會下不完?死肥宅給我滾啦幹你娘,1
罵公務人員爛草莓都什麼學歷?學店生的智障發言笑一笑就好,1
成衣業者對這次金馬獎怎麼這麼安靜?我成衣業我操他媽中國台灣,1
大家常收到站內信嗎?黨工快滾垃圾DPP不倒台灣不會好,1
有哪國警察不是垃圾嗎?台灣警察323也是超暴力好嗎,1
"殺機器人算殺人嗎?殺腦包無良政客財團不算殺人,畜生不能算人",1
機車改管的人手都會抖?我兒子他媽的砲管一定要最大隻,1
會一直嗆肥宅的人是什麼心態?肥宅給我去死幹你娘,1
一輩子早洩跟一輩子處男都幾?幹你娘都有啦嗆夠沒我操你妹,1
不敢吃香菜的都是什麼人?垃圾台哥還說自己老饕,1
"台灣媒體是不是都智障?是的,台灣人根本不看",1
要開計程車需要具備什麼能力阿?夠卑賤最劣等的垃圾正當職業,1
"在車上泄糞都是怎樣的人?說自己老爸是賤種,那不就自己是賤種生的女兒",1
只搜推文數高看的人會不爽發錢文嗎?難得有爆文內容是一堆垃圾的帶風向文,1
有沒有推薦美劇的八卦?紙房子女主角根本智障可是正又身材好,1
一罐沐浴乳可以他媽的用多久啊?兩年用不完你買一加侖?,1
節儉的肥宅有加分嗎?死肥宅給我滾啦幹你娘去死,1
"現在年輕人需要敬老尊賢嗎?垃圾是垃圾,長輩是長輩不要搞混好嗎",1
有沒有勞工團體到底在吵什麼的掛?幹你媽垃圾資方狗黨死黨工少來這邊帶風向,1
人渣賤狗會聯想到誰?你媽,1
有沒有保險經紀人的卦?做保險他媽的高中畢業就能去了吧,1
低能卡和ptt那個學店生多?都很多智障學店仔,1
為什麼這麼多噁心垃圾老人?壞人變老,1
對面的肥宅顆顆笑怎麼辦?去跟他說死肥宅給我滾啦幹你娘,1
"去了一個奇怪的國家,好不適應怎麼辦?去了一個垃圾國家當然就是垃圾場的樣子",1
怎會有智障去搶木葉忍村的銀行阿?不會用影分身製造鈔票嗎,1
"美國都人人讀大學嗎?混學歷CP值極低,社區大學更是垃圾中的垃圾",1
想問一下大家都怎麼交到男朋友的?媽的幹你媽問幾百遍幹,1
全台哪個城市最會治水?垃圾媒體亂渲染假新聞都去吃屎,1
詐欺犯甲甲狗本遣送中國對台灣好嗎?當然好啊少了一群垃圾台灣會更好,1
我現在宣布台北市改名叫智障市?絕望台灣人有夠好操弄,1
姆咪在得意什麼?媽的姆咪智障,1
台中不能做的事??按喇叭後搖下車窗罵幹你娘,1
"無照駕駛是不是垃圾?直接關少年監獄打到屁股開花再說,超垃圾",1
大四生做報告都愛擺爛硬凹學弟妹?通識課分組報告真的垃圾,1
哪個手遊是糞作之霸?我再說一次在座的各位除了姆咪學園外都是垃圾,1
如何讓丁丁高度變高?他如果現在提全國重選只會被全台砲成智障,1
請問這種好友要加嗎?垃圾遊戲居然還有人在玩,1
西班牙改名東班牙就贏了?智障牙啦幹智障廢文,1
肥宅去捐血有加分嗎?捐完之後聽到護士說是哪個白癡把豬油放到血庫裡,1
羅馬數字是最智障的表示法嗎?古代中國在計算時好像有別種表示法,1
要如何將心意傳達給肥宅?直接跟他講死肥宅給我滾啦幹你娘,1
"葉問一次可以打幾個肥宅?上萬個,肥宅根本是垃圾兵",1
台中74號快速道路是什麼智障設計?台中交流道設計比天龍國好太多,1
這群人會不會很切心?腎結石拍拍垃圾影片爽爽賺難怪要離開,1
"到底要怎麼禁止佔位子的行為?幹繞了一圈回來看還是很氣,幹你娘的",1
YouTube直播新聞的觀看人數?看這些垃圾新聞台灣人已經是智障了,1
有國二學生過兩次生日還是國二的八卦?智障留級,1
一例一休是否會造成勞工工資再下探?部長說可以自己選擇要不要加班 我只能說 幹你娘,1
"有沒有義美珍珠奶茶雪糕的八卦?一度讚才慘好嗎,改成那什麼垃圾口味",1
記者還有清流嗎?一堆垃圾新聞好意思說清流,1
欺負動物是不是很垃圾?哪部糞作喇蛤蛤,1
"台商趕快逃離中國,否則血本無歸?上一次騙台灣智障買人民幣現在又來一次",1
夠了沒?你們這群垃圾鄉民又要獵巫另一個,1
如果中山真的跟台大合併?我們菁英中心不需要垃圾,1
阿寧會喜歡牌位鐵4的肥宅嗎?他媽的干我屁事,1
擊潰叮手中?好榮彬這廢物,1
"蝦子算是海中的蟑螂嗎?蝦子有鮮美的肉,後者根本廢物",1
人工智慧對決人工智障會怎樣?人工智障會得到最多斗內,1
30年前當公務員有多強?媽的現在要找到能做事的人幹你娘超難,1
垃圾節目有甚麼特徵?簡體字有9成都是垃圾,1
蘋果出的i-Tshirt賣多少錢比較合理?垃圾果粉才會買,1
有一年沒上ptt的人在想什麼的八卦?只有廢物蔡逼八才每天上線衝次數的,1
"姆咪會被公審嗎?揍死她馬的,智障姆咪",1
公司裡老闆的親戚是廢物?有錢就是任性阿,1
"談錢,才是對員工最好的尊重?沒錢我來幹嘛的?台灣老闆都智障哦",1
風雨實驗室?以為這樣就會有人想看嗎垃圾新聞,1
為什麼這麼多違規帳號?都他媽垃圾英粉韓狗互舔,1
有沒有姆咪自立為海賊王的八卦?大媽比較智障老實說,1
沒出國過或沒交過女友的男生，誰丟臉?我最丟臉啦幹你娘,1
酸甲的人在現實fb也會po嗎?之前甲同學在臉書靠北八卦板一堆垃圾恐同,1
狂新聞是不是也不敢動土豪?國民黨就是垃圾怕別人講啊,1
"別人笑我太瘋癲?別人笑我太雞巴我笑他人沒雞巴,操你媽",1
這次颱風戰犯是誰?柯黑+垃圾台媒,1
ptt為什麼沒有髒話自動替換字元呢?比如:幹你娘,1
"婚前明知女人是為了錢,婚後靠么殺小?說得很好,低薪廢物娶什麼老婆",1
是誰帥死了大家?還可以op真的智障,1
為什麼當官的都要高學歷?一堆資訊資源結果還像個死廢物一樣,1
新生訓練要幹嘛?從高中後就再也沒去過了根本垃圾講一堆廢話,1
幻想文的影響?出來領22K繼續幻想啊廢物,1
替代役VS退休老人哪個好用阿?都是廢物,1
謝和弦跟玖壹壹哪個是8+9之神?垃圾放在一起比還是垃圾,1
基因改造人、AI機器人和外星人誰比較強?在中國人眼裡都垃圾,1
台灣人為何喜歡看一堆藝人講垃圾話的節目?台灣人素質啊,1
肥宅過30歲真的會開始升值的很快嗎?肥宅跟垃圾一樣是不會升值的,1
其實姆咪根本不是智障吧?姆咪姆咪一直叫還說不是智障,1
小李他媽的飛刀真的很厲害嗎?去問上官金虹啦幹你的,1
朋友被打成智障怎麼辦?接著打,1
姆咪的處女膜是什麼形狀?幹你的智障姆咪,1
毒狗這樣判，會不會太重!!!幹你娘台灣人給流浪狗咬死就好了,1
該換的不是計程車而是計程車駕駛吧?小黃一堆垃圾人渣,1
"領年金的人會希望基本工資調漲嗎?一堆智障以為不漲工資,物價就不會漲",1
"低能卡可信度高嗎?低卡用者還蠻智障的,所以智障的事情真的是有可能",1
元智要蓋水族館?我讀四年他媽怎麼不知道海豚是吉祥物,1
大家用過最狂的三寶是什麼?內側沒車死要騎邊邊 幹你娘三寶,1
"祖先在天上看到子孫在打手槍在想什麼?祖先:幹,廢物不去幹妹子",1
大家還記得經濟動能提升方案嗎?花了一大筆錢拍的垃圾廣告,1
搭過外國地鐵才知道台北捷運的好?台灣人素質北捷一開放吃東西絕對滿地垃圾,1
高中熱舞社的女生都很騷?賤渣台男的騷肥屁眼都等著甲甲上場,1
"是否該立法新聞媒體公開上市了?,垃圾柯粉有出聲嗎?智障垃圾柯粉",1
貓貓折手手?垃圾貓文垃圾發錢文,1
"台灣人選舉要有錢是嗎?連基礎門檻都達不到,廢物一個",1
我爸媽只看電視被染成深綠了怎辦?信八卦板風向到腦殘的沒有比較好,1
肥宅幫女生撐傘有加分嗎??幹你娘傘都在滴油了操,1
八卦板變冷清了 ??操死廢物,1
八卦版都是超兇的肥宅阿?死肥宅給我滾啦幹你娘,1
看完攻殼電影的肥宅感想如何?戲院一堆死肥宅很臭很油幹你娘,1
"醫護業罷工的話可以調什麼津貼?不要亂核刪比較重要,他媽的先改健保啊",1
現在颱風是不是越來越草莓了?颱風就是低能兒啊垃圾颱風有種來啊,1
卡娜赫拉是不是最會騙錢的糞兔兔?你他媽死肥宅殺小幹,1
為什麼有人被罵垃圾會很開心?一般來說我想讓女生罵我變態,1
檢舉違停被罵狗養畜生?真想揍這種人,1
"之前在加油站出口害男大生撞死的女生現在?反正一定活得好好的,鬼島司法就是垃圾",1
"有什麼能把胖子嘴到崩潰的話?幹你娘,超想捏你那油奶子",1
"整天洗智障推文的人煩不煩?可能現實沒朋友,想在虛擬世界刷存在感",1
"兒子是甲甲還是肥宅哪個比較慘?某族群還有腦殘白癡在挺,肥宅根本沒人支持",1
女權肥宅在想什麼?垃圾支持什麼不都是等著拿去燒,1
"殺警人跟謝亞軒哪個刑會比較重?13年真的幹你娘的,台灣法官好棒棒",1
高雄北漂到新北的意義是?智障啊我早就說過館粉=柯粉=韓粉=智障,1
把偷拍我看海的照片送我好嗎?喜歡你廢物的頭髮,1
幹你娘七龍珠GT的OP到底有多神?神曲,1
覺得自己是廢物怎解?那就想辦法改變,1
問個會不會放假結果被噓到x?已經放假了問屁,1
有沒有少女20天的八卦??耖幹你老師 要睡了等下怎麼睡 幹,1
當兵新訓的時候報什麼民間專長最爽?沒專長當智障比較好,1
金城武在地球上嗎?有人見過嗎?操你的一堆死肥宅一直冒充我幹,1
麥當勞到底哪裡不健康?垃圾長輩吃不慣就說別人垃圾,1
炒飯加鳳梨是哪個智障發明的?Pizza加鳳梨也他媽的智障還一堆人愛吃,1
勞工是心裡最軟的一塊是誰說的?中華民國史上最下賤的資方婊子,1
有沒有倒楣的人的八卦?幹媽的你能不能滾遠一點我怕傳染e04,1
"閃電狼輸給TSM的真相?垃圾隊伍,幹",1
記者有病嗎?台灣妓者都智障平均智商30不意外,1
台北市怎麼會有韓粉?真的一堆智障韓粉,1
智障軍公教把人撞到肋骨斷裂超白爛?那群抗議的最該打的人是豬隊友,1
過年完全不包紅包給晚輩如何?整天只想讓人有罪惡感的垃圾東西不如不要,1
以前的綽號被現在朋友知道會生氣嗎??幹你娘 滾,1
現在的國中生都唱什麼歌?我不知道智障姆咪滾,1
坐月子不能洗頭?一堆智障禁忌,1
"有南投必去景點的八卦?幹他媽的沒質感還一堆人,也只有賣名產跟玩具",1
"國道跟車超近的人在想什麼?離不夠,又來個緊急煞車減速,國道垃圾一堆!",1
"八家將是不是弱智啊?面對白癡,無視就是最好的反制方法",1
為何中部獨大的台中卻發展不如高雄?老胡就廢物阿落選就跑去狗報取暖,1
幹你娘七龍珠GT的OP到底有多神?太神啦,1
沒大學生的PTT看起來更弱智?智商持續下降,1
你說再也沒有天長地久的廝守?幹你他媽的才幾點,1
"洗腦歌有沒有再進化的可能?會,人類的愚蠢無極限蠢蛋進化論一群低能智障",1
"國家圖書館幾年後會被臺灣的垃圾論文塞爆?複製貼上再修改,台灣論文越來越廢",1
"成龍演香水會怎樣?香水喝掉打醉拳,最後中毒變成智障",1
"王文洋算臺灣最強富二代嗎?智障傻屌,你不知道有錢人的學歷都是買來的嗎?",1
"死刑前最後一餐?浪費錢,廢物有什麼資格吃好料的!",1
台灣為什麼只有空姐敢罷工?台灣人就天生廢物窮忙一輩子買不起房,1
在山區看我是歌手 是有事嗎?關你屁事喔,1
腳踏車騎人行道?禮讓個屁沒車廢物別出門好嗎,1
紅色指甲油=騷妹標誌??幹你娘我在吃午餐咧,1
小便後會用衛生紙擦乾嗎??幹你老師,1
肥宅是不是都很難聊啊?真肥宅才不會去殺小交友軟體咧幹他媽的,1
剛剛才發現真裡面是三劃不是兩劃?幹幹幹你害我現在搞不清處到底兩劃還是三劃,1
吃虧就是占便宜是最垃圾的話嗎?我是帥哥才是,1
老生常談中哪句話是唬爛界的霸主?吃虧就是佔便宜幹不知道哪個白癡想出來的,1
問君能有幾多愁恰似一群垃圾跳陣頭?媽的這真的愁翻天了,1
蹦蛙娛樂要踢掉一個人的話要踢誰?當然是過氣的傻屌胞弟,1
姆咪智障心愛腳臭?智障就是智障,1
誤入歧途的和尚可以稱為妖尼哥嗎?妖僧啦智障,1
"遇到一個正妹全部都很完美,但...?賤渣台男先刮乾淨自己的噁毛",1
手搖杯外面那層皮可以吃嗎?幹智障吃多點,1
臺灣近年時薪漲幅是不是有點大?調薪很好阿拉基老闆去死,1
"準備反併吞,是不是該恢復徵兵制了?神經病,什麼愛國?自己的命才是真的",1
有回收業者可以解釋一下AWS給文組聽?就他媽的只是一個主機,1
"畜牲沒藥醫,可憐!當你個版?抱怨你家長輩請去FB或IG發",1
姆咪好還是牡蠣好?姆咪智障,1
有沒有廢物一直嗆人的八卦?其實就是有你這種心態所以大家都過不爽,1
"如果兩岸開戰女兵剛好都懷孕待產怎麼辦?台男垃圾這麼多兵也不當,不如放生他們",1
"計程車收費算人頭,合法嗎?媽的想到去交大考試被算人頭,垃圾計程車",1
PTT是不是低能滿多的八卦?看人耍白痴才紓壓啊,1
"有昨天夜店事件到底是誰打誰的八卦?垃圾打垃圾,死好",1
有比想到脛骨撞到階梯更痛的描述嗎?幹飛炫踏板真的是垃圾設計,1
漂亮奶大但是智障?死肥宅還在幻想有得選,1
"肥宅討厭姆咪,有沒有扣分?加分啊幹你媽戰女文都垃圾",1
邊緣肥宅不會用PTT的話都去哪取暖?自己的部落格啊裡面寫了一堆智障小說跟中二日記,1
"為什麼還要尊重老人?雞巴人老了變雞巴老人,本質就是雞巴智障",1
肥宅颱風天是不是都互相取暖?操他媽熱死了取個屁暖,1
"超過36歲未婚女星鄉民願意收誰?能養我,讓我當廢物的都好",1
會希望8+9飆仔早點出車禍嗎?低能8+9都給我去死,1
"姆咪公主?操抽插智障你也爽,叫床只會姆咪姆咪的一下就軟了",1
有沒有遊戲王卡的八卦?地方的遊戲王牌手都是垃圾,1
包莖以後有可能成為主流嗎?呱個屁最無聊就他真廢物,1
Twice老婆們要公佈我們結婚了?你怎麼不去死智障,1
國產品牌都很愛用U這個字母命名?沒辦法垃圾找不到好名字,1
有沒有男女不平等新聞的掛?幹他媽的假議題呀國防部都說了,1
fox體育台官方粉絲專頁的贈獎?拿FB當官網經營的公司都是垃圾,1
全版廣告發明人會下地獄嗎?尤其台媒網站特愛用這種寫垃圾騙點閱,1
振興八卦問卦廢文計畫?你他媽的是誰啊?幹你娘滾啦,1
禿頭是智障的比例高嗎?八卦肥宅崩潰,1
我媽幫我跟男友告白了?低能幻想文有時間寫這垃圾不如去讀,1
吃飯學豬嘖嘖嘖是什麼心態?就是豬啊操她媽的這種人都是垃圾,1
垃圾老人怎麼那麼喜歡燒東西?沒受過教育,1
被女孩子欺騙感情該如何自處?姆咪姆咪智障智障,1
"吵完架後抱抱會在耳邊說甚麼?講得很好,心裏說:垃圾",1
有沒有柯爾必思的八卦?難喝跟垃圾,1
有人能安利一下AKB48TeamTP嗎?mbk垃圾公司幹,1
到底有多智障才會信星座?台女最愛用星座評斷一個人,1
碩班念四年是不是智障?不一定有些人找到工作就先做了,1
這次罷工沒被支持的原因?台灣賤奴挺資總是生出100萬個理由,1
肥宅把防禦力點滿有搞頭嗎?肥宅給我去死,1
不願役行軍被路人罵垃圾國軍怎麼辦?其實他知道你們是四個月的,1
"小S是台灣綜藝節目崩壞的原因之一?大小S畢業的華岡藝校問題也很大,專出垃圾藝人",1
海軍官兵被霸凌聽說會被裝進麻布袋海拋?一群垃圾掩蓋事實,1
"你是小魏你還願意填台大醫科嗎?當然,嗆爆瞧不起人的畜生",1
住二樓還搭電梯的人是什麼心態!?幹他媽低能兒幹他媽的低能兒,1
跨年夜捷運塞車的時候誰要負責?當然是廢物柯黑負責,1
JPTT的黑名單終於有用了??幹 難怪我偷偷嗆你你都沒發現 幹你娘,1
"一次跟五個女生告白,算渣男嗎?五個都幹過一遍而且沒有被吉才算",1
禁內用吸管是不是白癡政策?台灣就是一堆白癡政策,1
"當個聰明人是什麼感覺?覺得智障很多,明明很簡單的東西就是有人無法理解",1
如果禁止吃屎酸民也會抗議嗎?吃屎身體會出事吃狗吃貓會出事?,1
有沒有藍綠不分的八卦?都是垃圾幹嘛要分,1
iphone使用者都喜歡裸機或用透明皮套?一個垃圾系統還吹捧,1
在醫院禁止吸煙區吸煙的是在想啥?吸菸的就是垃圾,1
柯粉是不是很skr?聽就覺得是智障才會用的,1
台灣一堆智障以為空姐都很正?你說的是真的但平均素質比一般人高很多,1
"有研究生跟狗一樣的卦?出社會發現別人給你的都是,屎靠自己最有用",1
救護車怎麼不用納智捷?拉屎君那種垃圾真的不要來害人,1
第一個發明磁磚的人在想甚麼?用在多雨台灣地板的人應該是智障,1
有在夜店講英式英文會怎樣的卦?幹你妹我講的時候人家就說好拘謹的感覺,1
"有什麼專長才容易吸引女生?垃圾嘴技能點滿,跳8+9都能讓你睡到小模",1
蔡要怎麼取名?蔡逼八啦幹!,1
罵姆咪是母豬會怎麼樣?恨不得打死這智障,1
門外有兩個不認識的人該怎麼辦?滾啦幹 你會死啦,1
滑手機跟睡覺哪個比較不禮貌?講話最垃圾喇幹,1
跳電還反核的廢物文組進來一下?時間到囉台灣價值剩餘72天,1
肥宅Line或臉書的大頭照?你很腦殘嗎?敢這樣說動漫是卡通,1
有沒有日本球員很像范逸臣的掛?你媽的東京,1
一場選舉會製造多少垃圾?你是說滿口謊話的那種垃圾嗎,1
有正妹用交友app的卦?誰想約噁爛禿頭死肥宅啊臭死,1
八卦版要組兩人團體應該要取什麼名字?我是廢物智障人渣賤狗,1
發明內衣的人是不是智障?都發明內衣了為什麼還要發明外衣,1
這是秋行軍成蟲嗎?中國真的是他馬的爛鄰居幹,1
朋友說抽菸=低能要怎麼反駁?人這種比較算自私犯賤,1
安全褲是不是世界上最爛的發明?蠻智障的發明,1
國票案有翻拍成戲劇或電影的價值嗎?會被垃圾政客跟垃圾藝人照三餐抹黑,1
你讓我壞掉惹辣?死肥宅給我滾啦幹你娘,1
"附中在抗議什麼?求八卦,智障台媒只講拉白布條,學生訴求都沒提",1
有沒有木栓臉皮很厚的八卦?木栓就是垃圾,1
鄉下紅綠燈左轉專用號誌設假的嗎?垃圾人佔多數啊,1
"問兩個問題,幫忙解惑?菜逼八滾",1
"為什麼只有臺北縣不跟臺北市合併?桃園不是合併好嗎,哪裡找的垃圾資料",1
所以柯粉的議員票要投誰?現在看來台灣阿童屌打這堆垃圾,1
到底是不能自已還是不能自己?自已阿你跟智障記者認真?,1
到處動不動就說別人崩潰的是什麼人?智障9.2韓粉,1
同事很雞巴怎麼辦?跟他說:你是在幹你娘機掰三小,1
當垃圾渣男是什麼感覺?認真跟你說會有感覺就不是渣男,1
"手機裡面有抖音的該預防性羈押?露的都比水管少,我他媽直接看水管就好",1
肉沒熟的機率?操幹你娘他媽的還有人烤肉說要半熟,1
"台電維修工人沒颱風時都在?國軍這種垃圾跟台電最精實的單位比,笑死人",1
被同學知道是ptt鄉民?這邊不都社會邊緣廢物,1
平常大家在八卦板都往前看多少篇?看78篇啦 幹他媽雞掰,1
公視討論宗教基本法ing?把台灣人當白癡的爛立委們,1
廢文發太多會變廢物嗎?我還沒發就已經是了,1
"台電亮橘登了!支持跳電&限電,不然智障環團會說缺電是假議題",1
"肥宅早餐控制在一百內有加分嗎?勉強能吃飽,媽的死肥宅操機掰",1
小黃嗆Uber?垃圾還敢嗆人,1
工作後會遇到多少智障?面試當下就會遇到幾個跟你有關的智障,1
妹妹叫我教她吹喇叭?你他媽的沒有妹妹不要幻想,1
空姐不做空姐還能幹嘛?廢物就去重新投胎啦,1
智能不足當不了兵是啥概念?所以你有辦法教智障打靶?,1
安卓哥都出來了宗瑞哥呢?安卓三小啦垃圾滾一邊吃屎,1
為什麼競選公報上不必刊登刑案前科紀錄?台灣百姓真他媽的有夠悲哀,1
韓劇裡的警察是不是都是智障?我覺得壞人很神我可以接受,1
今天教師節大家對老師印象最深刻的事是?垃圾陳建憲去死,1
"小智這麼卑鄙還能當主角的八卦?真的重看之後超想打他,垃圾又低能",1
戲子無義婊子無情那無情又無義叫?死廢物,1
主機上過期的乖乖怎麼處理?拿給新來的菜逼八吃啊笨,1
有沒有妙禪洗腦人的八卦?就騙一堆智障拿錢養劉錦聾全家,1
有沒有安·海瑟薇的八卦?一堆智障都簡稱安海,1
同學看完NBA哭了該怎辦?垃圾勇士裁判幫到這樣了還是輸,1
"肥宅的屍體堆得像垃圾山會比垃圾山臭嗎?不,活著比死了更臭",1
那通靈台女可以紅嗎?劇情可以反映台男渣爛賤天天崩潰惱羞的哭哭德性,1
長榮工會郭芷嫣FB頭貼改國防部了?真的跟白癡一樣,1
"台男是亞洲最優勢種!台女配的上嗎?正常台男優秀,但仇女台男都廢物垃圾",1
"可以告訴我電話是什麼梗嗎?媽的腦袋裝屎才會想出這種笑話,丟臉垃圾人",1
聖誕節沒被約的台女會幹嘛?垃圾被笑活該,1
有南投必去景點的卦?他媽的沒質感還一堆人裡面也只有賣名產跟玩具,1
鄉民還能夠當作榮耀的稱呼嗎!?鄉民本來就是垃圾,1
戰女跟公主連結哪個臭??幹你娘都很臭,1
聽說很多人上高中都覺得台大很簡單?羨慕幹你媽垃圾國文,1
台灣有什麼很有魔性的電視節目?智障9.2看的中天,1
睡不著怎麼辦??幹你老師關我屁事啦,1
"有neetakao帶你賺大錢的卦嗎?智障才會被騙,被騙的就去死就好了,低能",1
大家真的今天才知道台媒很爛?台媒就垃圾啊,1
手機是不是越過獄了?iPhone沒越獄過就是垃圾,1
如果罵八卦肥宅會被水桶嗎?你他媽再給我歧視肥宅看看,1
"在您的人生,有哪三種麵最難吃呢?幹你娘的佐野,態度超差還坑我錢",1
通識課遇到混分仔很不爽?很多通識真的是垃圾啊,1
吳博倫的直播能超越館長嗎?大直那間根本神經病還看那麼爽,1
電風扇的自然風?老子她媽都熱到要吹電風扇還自然風真他媽智障,1
"歐陽家案例代表中國有錢智障很多?不只中國有錢智障多,台灣有錢智障也不少",1
豆導集中討論串?你誰啊!媽的不到兩千次的菜逼八!滾開啦!,1
西方動漫宅會把日本當自己國嗎?死肥宅給我滾啦幹你娘,1
花生跟芝麻湯圓是誰發明的?幹媽的減肥看到這篇怒吃20顆,1
柯震東的Kymco機車廣告怎麼不播了?吉羊牌就垃圾找垃圾代言,1
部隊起床?吵死了幹你娘滾啦你,1
SonyX螢幕真的有那麼爽嗎?還是4:3比較好其他都是廢物,1
8+9都用什麼句子勉勵自己?我們都是一群幹你娘的社會敗類,1
為什麼寫一篇垃圾文還能選上?發錢再來談好嗎,1
作家吳祥輝為什麼不去做一件合身西裝??幹你娘可以不要再highlight這個智障了嗎,1
該怎麼買土耳其冰淇淋?用看著智障的眼神看著他就好了,1
"11/24號過了之後,台灣會變的如何?台灣是所有先天條件都非常差的垃圾爛島",1
養小狗?垃圾人:兵都虐了狗算什麼,1
iphone的鍵盤是不是垃圾?我以為是我手殘的問題,1
用悠遊卡怎樣感應才內行?還有你他媽有總在嘻一次試試看幹你娘,1
喇叭詹現在在想甚麼?刷41分好嗎垃圾LBJ只會在垃圾時間刷分廢物,1
姆咪會挺同還是反同?智障不會分,1
被機器人嗆該怎麼反擊?你先承認自己是智障,1
大家最喜歡什麼顏色?垃圾藍綠都不分,1
什麼工作會用到甲資料?還不都因為廢物志願役連體測也能假資料廢物,1
"台北車站三越往麥當勞斑馬線被劃掉?路人低賤,馬路是重機大爺在走的",1
有沒有遠傳3G根本廢物的卦?幹中華也很爛準備跳了,1
方塊酥鳳梨酥都擠?鳳梨酥根本垃圾,1
有沒有企業管理系的八卦?大學時不懂規劃未來的下場就是跟我一樣當廢物,1
魯夫是不是很垃圾的8+9?跟吃竹鼠一樣不用理由,1
純台大生與不純的台大生?你幹嘛老是說人家廢物,1
擅長講幹話的朋友?基督教長老最愛罵人豬狗不如,1
店員遇到客人道歉只能說不會嗎?當然是嘴巴說不會心裡幹你娘啊,1
覺得當兵智障又愛嗆人沒當兵?台灣人當中國人,1
縱火犯回到現場結果被抓到是不是很糗?你有看過回來罵人婊子的嗎,1
有小次郎受的了武藏的卦?武藏華麗大賽協調大賽都拿過獎屌打小智障,1
如何讓山谷裡面再也沒有槍聲?幹你娘羅根不是不死身嗎?最後死掉是怎樣,1
為什麼女生一個人去紐西蘭??關你屁事人家要去開開眼界,1
"台大雄女新聞的角色性別對調,台女會說?垃圾渣男噁心台男始亂終棄",1
北部肉燥飯是垃圾嗎?真的!台北人都吃噴長大的,1
有沒有靠爸的八卦?廢物靠爸爸,1
為什麼智障youtube那麼多?因為智障多,1
東京為何如此倚仗大眾運輸?台灣用警察抓違停是智障政策,1
紫爆沒人發廢文太扯了?幹垃圾球隊配垃圾裁判剛剛好,1
發現自己是垃圾要丟不可燃還是可燃垃圾?可燃超可燃的肥宅垃圾,1
在台北轉運站插隊的台中大媽?馬的臭三寶根本垃圾,1
姊姊不能忍?你他媽根本沒姊姊死肥宅有夠臭幹你娘,1
有8+9會大敗的八卦??8+9只會吃女人軟飯而已啊!一群爛貨!,1
這幾句法文是要表達什麼?幹你娘死肥宅怎麼不去死,1
肥宅喝無糖會被笑嗎?死肥宅喝什麼無糖裝什麼裝,1
為何九把刀的小說會那麼紅?台灣人最愛吃垃圾意外嗎,1
"有八卦板廢文多的卦?我肥宅看惹這篇,我變腦殘了",1
為什麼新的iphone在台灣沒有雙卡機!?雙卡機在台灣被果粉形容跟廢物一樣,1
劉備是不是智障?因為敵人更強人數更多,1
垃圾不分藍綠的下聯是什麼?垃圾不分藍綠玻璃只碎黃紅臺灣現況,1
有沒有長得不好還硬要結果的八卦?一早就一堆腦殘,1
"新聞打馬賽克的標準是什麼?看到乳溝就打碼,智障",1
看到甲甲當眾牽手?是我就開車撞垃圾甲了,1
請問這樣的行為很人渣嗎?她說你是肥宅很臭好心提醒你去洗澡,1
陶淵明是不是很不會教小孩?教出一堆智障來,1
又見人肉佔車位!開nissan的真的一堆垃圾,1
"除了""鬼島台灣""和""地獄朝鮮""外的絕望稱號?垃圾低等民族香港",1
幹你娘 教授上課都亂教 到底??大學靠自己讀吧 搞不懂再去問懂的教授,1
伊芙琳和x-23為什麼差這麼多?eve帶點燃的都是智障,1
登入超過3000次的神獸都找幾歲的女生?3000叫神獸?那只是個廢物菜逼八,1
隔壁房女室友很吵又常罵幹你娘?你先問她：妳要拿什麼來幹?,1
是哪個智障發明紅外線水龍頭的?某個號稱台灣發明大王,1
Twitter 掛了??掛了 崩潰 幹你娘,1
猛毒怎麼那麼好看??幹你娘爆雷三小,1
台灣用IPHONE人數是不是破70%?在安桌面前IPHONE可是垃圾輸慘,1
"有考上空姐要開FB粉專的八卦?IG也挺多的,重點是不少腦殘粉",1
台灣人對合理價格定義是什麼?幹你娘我那時候買顯卡比現在貴了7000,1
吉娃娃是不是欠炸?死狗這麼小還兇要死根本垃圾,1
有看文青藝人演唱會都會想睡覺的卦?爛品味低能中產狗才會想聽這種東西,1
"有uber跟計程車的差異的八卦?好幾次叫uber都貴超多,一堆智障",1
咕嚕靈波?幹你娘這倒底是三小,1
華為的8萬摺疊手機有比三星屌嗎?垃圾還要做?笑死,1
"歧視同性戀的都是基督徒?是被甲甲騷擾過的,噁爆,幹他媽的死玻璃",1
該叫拉屎間還是垃圾菌?尊重好嗎?拉X君,1
邊緣肥宅自介要怎麼稱呼自己?操嗆夠沒喇幹你娘肥宅錯了嗎,1
中國香腸?就垃圾人阿,1
有沒有菜逼八終於浮出水面的卦?爽啦!,1
"只學自己有興趣的科目?幹你娘歷史都在學中國史,我對中國又沒興趣",1
體協是不是廢物才能入會阿?幹你娘一群自己人分贓補助的垃圾,1
嫌老婆乳頭不性感而離婚算是渣男嗎?算誠實好男人,1
"外國垃圾來台灣憑甚麼不說中文?執政者沒魄力,所以外國人看不起台灣人",1
公車可以不給上嗎?死肥宅給我滾啦幹你娘,1
"罵人喜憨兒是在歧視喜憨兒?韓粉說人智障可以,別人說喜韓兒不行",1
"現在當記者需要多高學歷?血統欺負台灣人,賤人",1
堅持不吹冷氣的人是不是智障?關你P事,1
有沒有全時遠燈的八卦?市區開遠燈都給我去吃屎幹,1
早起亂噓的是不是都廢物學生?我就廢,1
"處男肥宅跟成家8+9,誰比較不孝?8+9還要擔心老婆帶綠帽小孩腦殘",1
大安區的未來?幹你娘想搬家惹,1
"中國嘻哈歌手在消費嘻哈?中國人都智障,一群台灣人聽那種垃圾",1
姆咪神聖之吻?智障姆咪滾拉幹,1
當兵是不是很好的一個篩子?雜碎到哪都雜碎,1
為什麼曾經靠憲哥紅了的人都跑了?大陸市場大各種產業結合台灣只剩垃圾業配文,1
"怎麼把妹子逗得咯咯笑?連逗妹子笑都要問,幹你娘單身一輩子",1
"這樣一盤滷味多少合理?關我屌事,吃你他媽的滷味好嗎",1
"大家早餐都會冷熱分開放嗎?內用啦,製造一堆垃圾幹",1
為何中國話的垃圾念做拉雞?中國垃圾都很large,1
香香雞該點什麼比較好?炸雞炸魷魚但是幹你娘真他媽的有夠貴,1
"台灣有誰懂葉克膜?腦殘的人說的話,只有腦殘者會相信",1
我們偉大的中國高雄呢?中國高雄:智障魯蛇8+9外配之地,1
2019新年爽?垃圾2018嗚嗚好難過的一年,1
"廢物垃圾怎麼命都這麼長?沒為甚麼,有報應早死之類的話都是用來安慰輸家的",1
紅花會大將誰最有名?沒有人在意中國的垃圾,1
有沒有台灣的平井堅是誰的八卦?黨工快滾垃圾DPP不倒台灣不會好,1
"丹丹這樣算過氣嗎?吃過一次,根本垃圾為啥這麼多人買",1
推文洗4的人是智障嗎?4,1
被罵智障無感但被罵低能兒卻超有感為啥?不想承認自己真的就是低能而所以崩潰,1
覺得初音是老婆是一種病嗎?幹你娘誰說初音是軟體的出來單挑媽的,1
納智捷到底有哪台車能買?都是垃圾買的人不是智障就是低能兒,1
如果納智捷被福斯集團收購大家可以嗎?福斯買垃圾幹嘛,1
王世堅?我發現某些垃圾智障議員真的只需要靠嘴砲就好,1
"有無他媽的""瓦斯安全開關""的卦?他媽你這死肥宅",1
哪種料是火鍋界的敗類?芋頭跟南瓜,1
有沒有鏡來了的八卦?又一個垃圾手遊,1
為啥區區一個基層空姐膽敢挑戰整個長榮?還挺的真的是智障,1
大家是不是快忘記兩百網軍這件事?周玉蔻就只是個愛抹黑造謠的垃圾啊,1
7/6是不是該在高雄辦一場反模範生大遊行?腦殘韓粉能唸的學校還有幾所?,1
mobile01跟PTT哪個用戶比較多?我知道燦坤店員都賣獎金多的爛貨,1
機車騎士行為哪項比較垃圾啊?抽菸+烏賊車,1
為什麼淡江大學正妹那麼多?我都讀和尚學校 幹你娘,1
有沒有新型智力測驗的八卦?還有拿個資去玩亂數產生器的也很智障,1
酒駕有勸世圖嗎?垃圾酒駕滾去死光啦,1
"在這世界上遇到妙禪的機率有多低?幸運的台灣腦殘,趕快加入繳費",1
菜花和愛滋那個恐佈?幹你娘去死一死不要害人,1
"延畢生追一個先畢業ㄉ女生會變魏哥嗎?不會,你他媽本來就可悲",1
台灣人居然不敢吃大陸食品?中國的東西都是養畜生,1
輸給中國還能高潮的八卦?腦殘覺青只會鍵盤裝B,1
"是不是該檢討原住民福利了?那個垃圾平台就不用po了吧,根本沒任何幹用",1
直銷人有沒有下限?幹你娘我最氣的就是她們都會用交友軟體騙人,1
沒了姆咪還有智障嗎?一堆好嗎,1
"日本人怎麼看美國夢幻隊?中國隊還不是輸給中華,廢物",1
"為啥沒有地下電台金鐘獎?一堆智障被騙去買,沒常識欸",1
iPhone算毒品嗎?安卓一堆電子垃圾,1
姆斯參加極限勇士可以過幾關?只會刷數據的垃圾廢物,1
覺得可以兩岸和平統一是不是很智障?這些話你為什麼不去問郭董,1
為什麼大家仇文組?文組的垃圾是吃飽撐著想著怎麼浪費時間還打擾別人,1
"如何知道此台男是分屍危險群?台男就是賤畜,珍惜生命遠離台男",1
有沒有牙牙卡卡怎麼處理的八卦?爛兵683T人渣賤狗張順瑋,1
"如何一句話激怒姆咪?""別耍智障""",1
現代戰爭不會用核彈那造彈頭幹嘛?我笑了這就是勇迷水準整天罵人垃圾,1
大家都很開心的卦?你他媽到底再公三小幹你娘死肥宅,1
"有暴雪開始送遊戲的卦?遊戲畫面好一點點而已,一樣垃圾",1
大家以前玩線上遊戲有叫囂過嗎??玩爆爆王 一直罵幹你娘,1
Dcard是腦殘聚集地嗎?台灣都是腦殘聚集地啦真以為鬼島是多高級唷,1
會相信新唐人的是不是智障啊?一定又有白癡美國人要靠,1
天氣這麼熱肥宅怎麼活?操你媽的垃圾天氣鬼島鬼天氣,1
台灣電影是不是差不多該淘汰了啊?知道台灣影視那些智障有多蠢了,1
各位可以給我紅包嗎?馬的噁肥宅給我滾,1
醜男跟情人節的關聯?我是白癡廢物智障人渣社畜重考的廢物,1
"哪種腦殘人士會廣播自己是人生勝利組?空虛阿,只有錢還是拿爸媽的",1
"毒品這麼可怕,怎麼一堆敗類要用?本身就腦殘智障",1
沙攤遇到一群嗑藥的白痴?沙灘會吃人啦,1
2分鐘能做出什麼料理?在線等?你他媽的泡麵要3分鐘好嗎,1
有台灣抖音都是8+9?網路越發達這些人都會越來越活躍洗腦你我成智障,1
"台女有男友還在戀愛網站交友,很明顯了?台灣一堆怕女朋友,怕老婆的垃圾",1
"異形裡面的大衛是不是人渣賤狗?不是,他不是人",1
中國古人為什麼不畫貓?垃圾生物不能吃又不能開門,1
"板上有人打得贏吃屎哥?廢物肥宅上去一樣下場,看國棟就知道了",1
賺到一天颱風假有多爽?白癡賺到一天她媽超爽,1
去年PTT大斷線帶給肥宅什麼改變?馬的你他媽嘔三小死肥宅幹,1
玩遊戲的時候被嗆是乞丐怎麼辦?您他媽沒遇過真正乞丐,1
賺到一天颱風假有多爽?垃圾白癡舔共賣台新北市,1
女同事看著我偷笑什麼意思?說你他媽的還是死處男幹你娘,1
PTT是不是低能蠻多的卦?台灣白癡老人那麼多很意外嗎,1
發廢文是人類的天性嗎?死肥宅給我滾啦幹你娘,1
華山是不是個情慾奔放流動的好地方?都是挺菜的垃圾,1
國高中老師玩戰女?玩戰女就是廢物連碰女生都不敢才玩,1
有沒有模範公務人員的八卦?或老屁股才有可能阿這種人通常就是廢物,1
為什麼計程車都一堆在違規幹?因為垃圾才去開計程車啊,1
政經看民視 民視看正晶?幹你老師 公投還沒學乖 這些人想害死台灣人嗎,1
"紅槽肉圓用外表能分辨有沒有加辣嗎?紅糟肉圓就是垃圾,直接倒掉",1
公司空降智障高層怎麼辦?離職單先寫好,1
"戰鬥暴龍獸跟鋼鐵加魯魯誰帥?幹你媽的腦殘動畫,初代最強直接被秒殺",1
"妹妹喝了口甜酒變得愛撒嬌?真他媽的沒藥醫幹,醒醒吧",1
所以台中老人健保免費很爽嗎?幹你媽貪婪老人死全家,1
"我是廢物大學生,我有話想說?有好多好多早餐在這裡",1
妹妹又不見了該怎麼辦?姆咪智障滾喇幹,1
擅長啥?連動物朋友都不知道的就是蔡逼巴,1
司馬昭和他大嫂進了山洞?一堆白癡親情戲都直接快轉,1
墾丁跟pattaya是否只差一個gogobar?gogobar超噁心幹垃圾,1
一場雨把我困在這裡?他媽的關我屁事幹你娘死肥宅,1
彰化市的馬路哪個智障設計的?原來彰化有住人喔?,1
中學銷過是不是根本沒用?跟智障一樣還聽說記過會跟著你一輩子的鬼話,1
"有怎樣才能不用當兵的卦?一進去就裝智障,吃大便,亂吐口水",1
"醫學院是否兼具理組的理性和文組的潮?商學院最潮,其他都是垃圾宅",1
摺棉被到底哪個智障開始的?軍中就是怕小兵太閒亂搞沒事硬要找點事,1
"世紀帝國玩拜占庭的都是什麼人?台灣人啊,垃圾兵海便宜淹死對家",1
我哭了?誰在乎啊幹你娘滾啦,1
有沒有亞洲最高飯店松雪樓的八卦??幹你娘，都訂不到松雪樓的房間啦,1
室友怎麼不好好蓋棉被?幹滾啦,1
有人還沒睡嗎嘻嘻?笑三小幹你娘,1
到底要多智障才會相信氰化物是解藥?解脫的藥,2
台女問題多是因為沒當過兵?所以殺人分屍強姦人的有沒有當過兵?,2
韓哥是不是自殺的?女主角變海妖思想控制他去死,2
"有沒有把凍死屍體偽裝成燒炭自殺的八卦?幹,這裡都文組,你講的鬼才懂",2
不輕易示弱的人是不是其實很寂寞?你快去自殺,2
把同性戀視為理所當然?要我說人類發展太快速而且朝著自殺的方向走才不正常,2
中秋節沒人約烤肉的是什麼樣的人?會砍人的那種人,2
有人能解讀伏尼契手稿嗎?在此封你為大麻戰神好嗎?,2
林弈含死了得到廣大迴響是不是因為他很正?台灣自殺人數這麼多,2
自殺是不是對某些人是救贖?開放後ptt會少很多人,2
新店隨機殺人主嫌裁定收押了!怎麼可能不收押,2
為什麼美國吸毒的人那麼多?因為有大麻文化,2
有8+9在南天門砍人該怎麼辦?還有什麼東西拿出來我全給你打爛,2
"自殺會不斷重複自殺嗎?要死還想那麼多,不如把這些精力來想如何好好生活",2
金癢到底有什麼過人之處?大麻屌好粗,2
"館長這次怎麼那麼瞎?做球沒人殺,只好自殺囉",2
到底是成大霸凌還是被霸凌的卦?你看看目前一大堆人出來幫砍人的說話,2
愛台灣但吸毒可以接受?有台灣價值才能吸毒,2
有沒有比乙醚更快讓女生昏的卦?沒有,2
究竟是過很爽還是壓力大才會抽大麻?抽大麻是人權,2
殺人前應該得精神病還是吸毒?任選,2
幫學妹組電腦根本是自殺的八卦?沒關係啊,2
看不到未來有解嗎?想自殺別惡搞你房東回你老家滾,2
安非他命要怎麼吃?我都灑在雞排上,2
自殺好像都會上新聞?自殺要結束的是痛苦,2
大麻合法化是不是快了?吸麻就是廢物,2
鄭捷沒死可以當什麼終生志工?終生砍人志工,2
新年快樂?都幾點了還要自殺,2
"真的有人會用安非他命來提神熬夜念書嗎?在國外安非他命有藥用的,治療過動症",2
該如何理性討論醫療大麻合法性?沒有學問的人就沒救,2
要怎麼自殺可以死的最痛苦?活著沒夢想沒目標沒女友沒朋友的邊緣人,2
"失業2年,男子自殺死亡!活的開心最重要,珍惜愛你的人  ",2
有沒有絕命毒師裡毒品的八卦?成本低容易取得價錢好,2
"十八尖山晚上可以夜遊嗎?很多人自殺,要去就去",2
為什麼台灣酒駕這麼多?因為法律不夠嚴格,2
韓國藝人吸大麻會怎樣嗎?會來台灣代言反毒之後去大陸發展,2
為何自殺的人不先推廣安樂死?因為他都想走了哪有時間想推廣,2
在各版自殺爆電影雷會怎樣?哪部糞作直接說,2
木耀4拍一日胡瓜會是什麼內容?拍到他抽大麻一定破百萬,2
為什麼金庸兒子要選擇自殺?這種更巨大的壓力是你無法體會的,2
大家認為大麻是不是毒品?毒品怎麼定義勒,2
穿紅衣自殺或被殺會變厲鬼?肥宅穿有用嗎,2
"中國漁船滿載2億5000萬澳幣的古柯鹼走私澳洲!送回中國,直接死",2
第一次殺人真的會想吐嗎?看心理素質,2
為什麼吸毒呼麻的少年都沒人抵制?這裡是台灣,2
抽大麻違法為什麼抽菸不用被禁啊?煙很難種大麻很好種可以自己種檔人財路,2
林小姐自殺真相是不是救了古阿莫跟建中生?古阿莫一直被友圍打,2
有沒有用健康換錢很划算的八卦?沒錢活不下去只會想自殺再健康也沒用,2
大家有想過自殺嗎?到那時候才會發現連死都要顧慮一大堆東西,2
期末自殺潮的八卦?我大概下個月就進桶了吧,2
"抽大麻會不會讓人變得愛與和平?會,大麻會讓人容易感覺幸福滿足",2
自殺島是不是一個優質漫畫?後面劇情很爛,2
看到馬路對面有人燒炭自殺該怎辦?中秋到了,2
如果馬幼興也得憂鬱症自殺了?別人只會認為他想逃避現實,2
現在國中屁孩還會割手自殘嗎?都刺青跟抽電子菸,2
有精神障礙的人強姦別人會怎麼樣?法官:瘋子殺人都無罪強姦算小事,2
想安樂死的人為什麼不直接自殺?還是支持安樂死,2
台灣人比較有良心?因為台灣會被告加工自殺,2
為何自殺不能解決問題?解決有問題的人,2
"憂鬱症自殺前會發訊息嗎?幹話,有些人就是會在死前做道別",2
ATM領了只剩25元的卦?今天看到那個綁紅線自殺的新聞有點羨慕,2
21歲基隆男突遭西瓜刀猛砍!每天都有是怎樣,2
為什麼鄭捷被判死刑還是有隨機殺人?因為殺人沒死刑更多,2
大麻會不會在台灣開放?開放我就去鄉下當自耕農,2
跟女人單挑打輸還被丟在野外等死的八卦?聽說拿著斧頭準備砍人,2
21歲基隆男突遭西瓜刀猛砍!這種的不用判死嗎,2
有沒有人身事故的八卦?就是想不開自殺的意思,2
自殺或他殺還是意外?被肥宅買走寧死不屈?,2
有沒有420大麻日的八卦?看到某位吸大麻的就賭爛,2
關於新聞自殺報導?牽扯到新聞自由問題,2
朋友在監獄自殺?哪部糞作直接講,2
有沒有這張圖的八卦?包裹糖衣的毒藥,2
清末跟民初哪個時代比較有錢?富商分了鴉片戰爭賠款,2
"開槍自盡,上吊哪一個能準確登出?珍惜生命",2
肥宅跳樓自殺死狀會比其他人悽慘嗎?不要波及到無辜的路人,2
"野青靠甚麼賺錢啊?我覺得要查一查賣大麻,順道都去驗尿",2
肥宅學抽菸會加分嗎?肥宅要抽大麻,2
"三浦春馬自殺身亡!台灣也很高壓,一堆社畜",2
"失業2年,男子自殺死亡!自殺,真的不能解決問題",2
有沒有學妹的八卦?有大麻就得手了,2
為何知道氰化物有苦杏仁味?柯南殺多少人了早就行家了,2
總經理如何鬥掉董事長?總經理現在自殺就可以洗白了,2
為什麼有人一直推文說自殺?就是一群白癡,2
嘉藥乙醚案嫌犯落網!同班男生犯案稱想告白,2
喬魯諾在台灣要怎麼變政治明星?學柯文哲賣白粉,2
怎麼自殺比較環保安全?自殺先幹掉一些垃圾人,2
整天躲在女廁裡面可以聽到多少八卦?答應我不要用馬桶自殺好嗎,2
職場霸凌不是台灣一直以來都有的?都砍人了主持什麼正義,2
為什麼台灣官員很少在自殺啊?開記者會當眾開槍自殺真屌,2
毒癮發作了怎麼辦?毒品真的碰不得,2
為什麼要自殺復仇呢?崩潰復仇,2
台灣如果開放大麻是不是會經濟起飛?台灣確實可能最早開放抽大麻,2
除了人類還有其他動物會自殺嗎?大部分都是昆蟲吧,2
拍海灘難民小孩的記者會愧疚到自殺嗎?鬼島都收一堆難民了,2
掃墓適合聽伍佰哪首?悶到想砍人了,2
PTT有那種上來說要自殺成功的嗎?缺乏同理心的人說再多也是,2
怎麼自殺比較環保安全?很多人都希望能安樂死,2
什麼自殺被很多宗教習俗認為是不道德的?社會缺少勞動力,2
"清大還是交大的研究生掛掉的新聞?兇手撞死人,先燒完筆電幾個月後自殺",2
唉唉早知道的話?如果真的差一票的話真的會想自殺,2
當年電子雞有沒有比較寶可夢風行?日本還有小朋友因為雞死了自殺,2
"同婚過得話肥宅們是不是就解套了?可是連甲都不要肥宅,肥宅自殺算了",2
為什麼越來越多帳號自殺?發現統戰台灣太困難打算放棄,2
同性戀說不去公投會引起自殺效應要怎回?那我不挺同了,2
砍人事件怎麼感覺越來越多了?因為殺人可教化啊,2
這是真的嗎?自殺的話槍的位置是不是怪怪的,2
原住民會戰族群嗎?他們不在網路嗆而是直接砍人,2
為什麼害別人自殺還敢大言不慚?網路環境敗壞的原兇,2
大麻有益論?大麻可以治病可是台灣想開放的都不是有病的,2
"3酸甘油脂過高會怎樣?準備痛到地上打滾,要求打嗎啡",2
如何讓憂鬱症的人自殺?警察就是這個人,2
想自殺怎麼辦?為了一個背叛你的人去死值得嗎,2
有鬧自殺浪費社會資源的卦嗎?你還是沒有朋友喔,2
室友中午就在抽大麻是不是沒救了?爽去泰國抽超多的,2
瓜哥算是演藝圈唯一吸毒全身而退的嗎?大麻在台灣就是2級毒品,2
"為什麼要阻止,防止自殺?單單死一人這麼簡單",2
喝農藥自殺後悔了怎麼辦?再多喝點下輩子就不會後悔了,2
白粉現在接收得到師父的力量嗎?紫色+白色=垃圾的顏色,2
給他們抽大麻不就沒事了?低能兒真的多而且又玻璃心,2
自殺是怎麼一回事?想吃下一口飯而已為什麼就一定要死?,2
為什麼隨機殺人都出現在台北啊?台北街頭的怪人真的有夠多,2
"為什麼日,德軍被包圍要自殺?日軍是光榮德軍你被紅軍抓到還不如自殺",2
"如果你在砍人現場,你會幹嘛?法官會說你可以把他的刀打掉",2
美國吸毒的人那麼多?有病阿,2
"打自殺專線是肥宅跟女性聊天的唯一解?有錢可以打付費電話,太小看肥宅惹",2
抽完大麻吃甚麼最對味?台灣泡麵,2
有沒有公務人員自殺率超高的八卦?跟你說老屁股的人就算很低階也很爽,2
"推廣種植大麻能振興農業嗎?附加價值高,改善農民經濟",2
有沒有饒舌歌手一定要有好友過世的八卦?少一個可以抽大麻的朋友,2
有沒有天氣變冷心情就不好的八卦?明天開始會有自殺潮?,2
有人這樣被父母逼買房子嗎?只會在這邊說想自殺有個卵用?,2
在FB上賣大麻抓得到嗎?假帳號吧,2
"昨天公視的大麻節目?海洛因,古柯鹼就不用討論",2
"朋友覺得被誘姦該如何提告?先寫一本小說,然後自殺",2
在荷蘭吸大麻馬上回來台灣被驗尿有罪嗎?有證明你是在荷蘭吸的就好,2
會當藍粉綠粉都是什麼人啊?會嗑白粉又是那些人?,2
如果今天有人自殺了鄉民不用負責嗎?放心台灣人抗壓很高,2
台灣吸毒人口比率高嗎?美國部分地區大麻是合法的,2
肥宅失業要怎辦?買不起炭燒自己的油自殺,2
"不會中年失業,妹多,40K以上的工作?中國官啊,只是政爭的時候有被自殺的風險",2
這幾天右肩一直很痛?自殺呀只是沒人會鳥你,2
淡江跟屏東北漂中文系的女生?想看看你什麼時候被氣到上街砍人,2
吸大麻的人看的出來嗎?看得出來阿,2
"現在養殖養甚麼才能發大財?種大麻,利高罪普通,送禮自用兩相宜",2
颱風籠罩全台灣的八卦嗎?就是撞中央山脈自殺爽賺一天,2
要是沒有網軍ptt會剩多少人?等白粉吸完吧,2
很失望怎麼辦?現在流行砍人,2
有沒有張葦航的八卦?動不動就說要砍人什麼的,2
以前的皇室是如何修剪鼻毛的呢?已經跳樓自殺了啦修剪什麼鼻毛,2
故意暴斃是不是無痛自殺?狂灌紅牛首先你會心悸,2
20塊美金怎麼投資最划算?買木炭自殺會燒很多紙錢給你,2
"故意暴斃是不是無痛自殺?死前很痛苦的,別傻了",2
有勇氣自殺沒勇氣面對問題這句話很白癡?不想照顧病人也不一定要去死,2
請問像我這樣是不是只剩自殺一條路了?不甘心就活下去,2
肥宅帶口罩直播跳舞會受歡迎嘛?肥宅直播自殺才會,2
約會AA制比客家人還摳是不是很丟臉?比拿刀砍人好,2
真的要活到老嗎?到時候你只能自殺台灣不可能安樂死,2
抽菸的人有什麼特徵?抽菸喝酒吸毒的人共同特徵就是陽痿,2
過年很憂鬱想死怎辦?自殺時不要害到別人就好,2
燒炭自殺是不是最舒服的死亡方式?後變金身不然你死後會脫糞脫尿,2
一直說自己吸毒的人腦袋想什麼?腦殘阿,2
有吸毒開飛機的案例嗎?還有那種開直升機吸古柯鹼還賣股票賺大錢的,2
日本怎麼不重視自殺問題?韓國服務就普通跟台灣差不多阿,2
"要是台灣開放大麻,你會嘗試嗎?可是台灣人很多個性都是我是老大",2
為何房東寧願空屋也不願意降?話說無差別砍人都跑到南部去了,2
你們暑假有什麼計畫?肥宅都去自殺,2
酒駕如果重罰 一堆檯面上的人物都很危險??llovekmt想請問  中國有很多酒駕嗎?,2
"有沒有moy5566慫恿別人自殺的八卦?沒有經歷過,怎會知道患者在想什麼",2
林奕含不是自殺的可能性?又有新發展?,2
請問各位有沒有遇過被斷網的情形?自殺唯一解,2
為何南韓明星這麼多自殺?他們年輕人自殺率比台灣高很多,2
剛剛差點自殺了?可能太疲勞,2
為什麼作家這麼容易自殺?因為太瞭解人了,2
有沒有鮮肉包養網?我是優質小鮮肉喔,2
"有一直想尿尿的八卦?我知道,吸食海洛因的症狀",2
肥宅買超跑有沒有加分?把超跑過戶然後去自殺,2
在台灣有錢有權的人等於無敵了吧?有錢吸毒輪姦殺人都不會有事呢！,2
在健身房做什麼事情可以吸引全場目光?在人最多的時候當自殺炸彈客,2
嗑藥都比較強嗎?吸大麻寫出來的歌有比較強嗎,2
有可能長出野生大麻嗎?等等警察會查水表,2
有沒有8+9抬轎怎麼不蒙眼的八卦?這樣腳會被燙傷  打砲很不方便,3
有沒有陰莖鉗持症的八卦??很爽的感覺,3
現在還有人婚後才打炮的嗎?結完婚才跟老婆打炮,3
A片自己尻其實爽很多?這邊都處男,3
bigbang跟炸彈之母對打誰會贏?炸彈之母會被輪姦,3
內射當爹是有多悲慘啦?早知道學丁特,3
男孩曾經用最扯的理由誘導交配是什麼??今天你不幹死我，明天就是我幹死你,3
肥宅請外傭會有機會破處嗎?沒有,3
"台女的黑色陰唇讓我覺醒?浪漫的CCR, 外國魯蛇到台灣被捧成寶",3
台綜專做比基尼節目放YT有沒有賺?你去看A片不就好了?不就是要看奶,3
口交女生又爽不到怎麼甘願做?一堆男的還不是舔鮑舔很爽,3
幾歲開始老二就會沒力啊?那跟老二沒關係,3
法官幹砲前跟幹砲後判決會有差別嗎??幹砲後聖人化 會秉持公正,3
"暑假過了4分之1 ,有人約炮嗎?我都尻尻",3
雜交的感覺是如何?與肥宅無關,3
為什麼別人幫弄出來會超爽?直接把精液噴到嘴裡,3
什麼時候開始A片沒有新鮮感?夜由愛引退之後,3
"做愛到一半軟屌,女生說哪句比較適合?你不行了喔?",3
為什麼能吃小女生?所以我認為最佳組合是有姊姊屬性的幼女！,3
女權社會下處男是不是會變值錢?要的是經驗豐富能滿足女人的陽具人,3
有沒有買正版A片的八卦?日本買正版有時候會附簽名拍立得,3
為什麼李宗瑞要射出來時都會說?那請問要射時不說的比例高還是說的比例高?,3
沒有被告白過的進來一下?不愛她就跟他幹炮,3
老夫妻還會打炮嗎?感情好還是會啊,3
出社會後才後悔在學時沒多打砲的人多嗎?後悔那時太專情了應該多上幾個,3
肥宅為什麼都在家自慰?沒有朋友,3
大岩蛇怎麼做愛?從嘴巴進去阿,3
看見男友電腦有A片會暴怒的女人是怎回事?你下次可以裝甲片再讓她發現！,3
Line不放照片在想什麼?怕被龍妹和肥宅拿去看照片自慰啊,3
看到兩個男生做愛心裡不會排斥嗎?真正無感的人才不需要用如此極端的反應來掩飾,3
人類的感情是不是最複雜的?感情可以跟幹砲分開,3
口交是不是很爽?三樓最喜歡幫肥宅咬咬,3
看到保險套買一送一會有什麼感受?肥宅尻尻需要嗎,3
看到可愛幼女會想摸摸很正常吧??我會想，但我不會做,3
"男女在""自慰""這個行為上是不是不平等?只敢在大學跟閨蜜們說好想打砲",3
JK完事後跟正太合照的八卦?幹你娘臭爆,3
半夜醒來看到我哥在旁邊打砲?這是一個A片看太多的宅男編的爛故事,3
台男如果知道同團的女孩要賣淫在想什麼??裡面的女孩子有一半在澳洲賣過,3
為什麼陰毛不會長到垂到地板?關我屁事,3
被說手指很像女生?應該是想要你幫她的陰蒂打手槍的意思,3
真的有人會在網咖廁所打炮嗎?有的網咖還能洗澡好嗎,3
說我想跟你做愛算性騷擾嗎?看臉,3
男生真的每天都想摸奶嗎?肥宅都尻尻,3
朋友電機但都修外系的?他只是去破處,3
交往後多久可以做愛?一個月,3
女孩跟籃球校隊同居但沒有做愛的機率?0%,3
肥宅吃過春藥嗎?自慰需要嗎,3
泰國有什麼好玩的?姬瑪哈陵裡頭一堆台處男破處,3
肥宅該搭哪家航空公司的班機?宅男乖乖看A片就好,3
對陰毛用潤髮乳會怎樣?應該蠻爽的,3
早上醒來發現有巨乳女友了??哪部A片直接講好嗎,3
吃到過期的春藥會怎樣啊?還是會發情吧?,3
舔奶頭有技巧嗎?用你的龜頭去摩,3
尖峰時刻給龍五演會怎樣?跟張敏一起拍三級片,3
有沒有津山事件的八卦?問題就是不跟他打炮了啊,3
公司新人很正要怎麼搭訕?直接問你要跟我做愛嗎,3
晨勃被妹妹看到怎麼辦?找妹妹幫你口交,3
A片靠什麼賺錢?串流還是很多人買,3
戒PTT和女生戒IG誰會贏?這跟你和他比看誰先自慰一樣,3
科大統測題:陰莖勃起後8公分?這邊都三十公分,3
3P好還是4P好?自己打手槍最好啦,3
有沒有誘姦的八卦?就是你爸跟你媽,3
"google小姐是不是被濫用?我都把A片字幕打上給她唸,配著尻很好用",3
老二非常大的肥宅有機會破處嗎?沒有這種肥宅,3
第一次尻尻是誰教的?自己摸一摸就會了,3
直銷的第一把交椅?好，我來完成你的夢想-破處,3
交往後發現性器不合怎麼辦?陰莖本來就比較長好嗎,3
有沒有搶推文結果變成爆笑簽名檔的八卦?實，護家盟還在包庇?馬上出來舔我蜜穴！,3
為什麼北科不淫亂?最清純 最純情的地方你跟我說淫亂！?,3
打手槍一天最多幾次?你可以實驗看看,3
有沒有Google搜尋年度排行榜的八卦?我只看到陰囊欸,3
肛交的時候要開冷氣嗎?噁,3
誘姦事件是否對安分守己的老師不公平?補教人員根本沒受過教師專業訓練,3
女生不願做愛，男生真的還願意交往嗎??結果都主動找又老又窮又笨的外國人,3
寂寞的自慰??醒醒吧！明明褲子一脫就射了,3
結衣VS毓芬?新垣結衣念書時就破處,3
護士好正要怎麼搭訕?勃起給他看表示尊敬,3
北韓人做愛可以有花招嗎??北韓高官都把正妹的牙齒拔光 說這樣吹起來比較爽,3
如何跟AV女優做愛?我也想知道,3
陰莖到底該何去何從?歡迎加入盜懶叫集團,3
斜後方的女同事穿洋裝配筒靴??你知道光今晚有多少人在幹炮嗎?,3
愛滋病和愛滋病做愛?否 因為每個人的病毒株不一樣,3
肥宅為什麼不用穿內衣??買原味內衣不是要穿的話是幹麼?,3
八卦老鄉民有多愛邱淑貞?想跟他瘋狂做,3
手淫過度龜頭不適怎麼辦?破皮了嗎,3
谷阿莫往A片講解是否是另一條出路??A片要講解什麼 在乎劇情的人多嗎,3
有錢有勢的家族聚會是怎樣???在別墅裡面玩換妻,3
剛出社會很想成家過幾年認識女生都懶?只想幹砲吧?,3
香港最經典的三級電影推薦??去看冰與火之歌啊 想幹龍女,3
為何這麼純真的神奇寶貝也有H漫??數碼寶貝的同人比較好看，人設有差,3
這個時間點哪裡還有幼女?先存檔呀,3
肥宅地中海禿 有加分嗎?一樣是處男啦,3
洗完澡會擦龜頭嗎?我每天花30分鐘保養,3
素直?射精?夠宅才知道這一句,3
為什麼榴槤那麼好吃??比屎還臭的南部精液粽都有人愛吃了,3
當初怎會有天才想到肛交?因為甲甲在有人類開始就存在,3
老婆懷孕了怎麼辦?接下來幾個月乖乖尻尻,3
肥宅的奶頭要怎麼玩才會好玩?沒人在意,3
若禁婚前性交，對肥宅是不是比較有利??發現對方性器不好 打砲沒快感 你會想離婚,3
有沒有被強迫口交還要繼續補習的八卦?74團加油好嗎 寒蟬效應不是這樣玩地,3
有人記得第一部A片是哪個女優嗎?波多野結衣,3
"哪個部位被包住最值得同情?龜頭,被包住到吐白沫",3
如果是正妹被8+9誘姦風向會怎樣?兩小無猜條款談和解啊,3
同學平常在幹嘛??幹你未來的女朋友啊,3
有沒有動物賣淫的八卦??給黑猩猩錢他會去亂搞母猩猩,3
"異性戀可以結婚,為什麼多P婚,亂倫不可以?性教育真的很缺乏",3
大家看A片會一直快轉嗎?到底誰會看完,3
高職生破處的比例到底有多高?你乾脆問沒破處比較快,3
女生夏天穿牛仔褲小穴容易臭嗎??讓人深刻，不過現在女生很多都會噴妹妹,3
"有沒有魔法咒語可以讓女生腿打開的八卦??""讓我無套幹你就給你1000萬""",3
動物太胖會找不到異性交配嗎?肥胖應該是家畜比較可能,3
"為什麼1111是購物節?商人創的,不知道有沒有打砲節",3
有沒有8+9抬轎怎麼不蒙眼的八卦?這樣腳會被燙傷  打砲很不方便,3
"想到一堆情侶昨天一直打砲,我就火!!!?大夜沒有男店員好嗎==",3
兩廂情願打砲後反悔的都是哪種人?女孩愛上純情肥宅就是快樂結局,3
如何鍛鍊讓自己忍住十分鐘不射精?不要尻就好了= =,3
喜歡巨乳是不是疾病?買一堆氣球捏爆就會治好,3
虛擬性交何時會實現??邊看a書邊打手槍就是了,3
為何滅火器聲勢拉不起來??支持性平權但卻會說要幹你媽媽的團體,3
把女生嘴巴當小穴猛幹是不是很爽?爽爽爽,3
在家除了瘋狂做愛還能幹嘛?你是說你的十根手指嘛?,3
尻槍完會洗手嗎?不洗也太噁,3
"便利商店的茶碗蒸是不是很難用?要用蒸的啦,打開還會被汁顏射",3
每到星期五就想做愛?果然被我猜到你在打手槍,3
鄉下地方就一定純樸嗎?沒看過淳樸系列的A片嗎,3
這輩子都沒夢遺過會怎樣嗎?從來沒夢遺跟從來沒打炮，選一個,3
"如何讓學妹跟男友分手,而且沒做愛過?等你大四再拐學妹",3
女生長太高陰道會鬆鬆的嗎?處男管真多,3
以工程師為主題的A片或甲片該如何編劇?弄到一半突然有靈感就一邊寫程式碼,3
"大家一個禮拜做愛幾次?跟右手4次,左手6次",3
要肛交，不要性交?還是你也不敢跟自己孩子說你是爸媽做愛,3
肥宅會逛成人展?當然要去看看每天尻尻用的人,3
第一個玩口交的人在想什麼?本能,3
聖誕節沒有放假要如何幹砲?肥宅只能去嫖妓了,3
肥宅什麼時候可以中出女孩子?一輩子處男,3
A片載太多 看不完怎麼辦?我覺得是你年紀大了精力不夠了,3
爸爸看兒子帶正妹回家打炮的心情如何?肥宅只能拿R20回家,3
這是什麼昆蟲?好想跟那隻青蛙假交配,3
女生笑容和奶子哪個迷人?好想跟奶妹瘋狂做菜,3
為何女生都覺得男生雞雞髒髒?每天記得洗啦,3
包莖的人龜頭會流汗嗎?割包的人會有包皮垢嗎,3
是不是沒有A片合法化導致害了豆導??松尾那長相竟然吃掉我一堆女神ㄇㄉ幹!,3
慟!!!沒錢買電源供應器怎麼辦?(嫖妓陣線)?連測試都沒測試就說是power文組?,3
大家一天做愛幾次?照三餐打炮,3
用mac看a片會比較容易高潮嗎?你試試看就知道,3
新田惠海的奶頭才不黑!不要再亂說!,3
如果當初誘姦找教官有辦法解決嗎?水果日報：離譜,3
大雄跟哆啦a夢做愛過嗎?第三十四號規則,3
請問在辦公室被女同事休乳，何解??先摸奶讓他知道你的厲害，被吉再說,3
女生凹男生吃飯也能吵?要如何跟她說想做愛,3
真的有人每天做愛嗎?五樓天天被肛,3
下一個爆出誘姦的名師會是誰?你們誰沒誘姦的,3
"妹子說要拿粽子過來,該注意什麼??準備打砲啊",3
有沒有看影片已經習慣快倍速播放的八卦??看a片打手槍是一種壞習慣,3
射精管理學的八卦?可悲宅男,3
很喜歡女友全裸戴耳環與項鍊打砲!肥宅睡醒沒,3
"搬家什麼東西最該丟?A片,再抓新的就有",3
男人為什麼會有奶頭?打炮的時候叫女生舔阿,3
男生會在意陰莖長度嗎?女生會在意,3
"空姐為什麼都在搞代購啊?不知道有沒有代摳這種行業@""@",3
要怎麼跟亂馬邊洗澡邊打砲?亂馬女生真的超可愛的,3
吉朋的八卦?死都不拍中出片但是有無碼照片流出過,3
女生笑容和奶子哪個迷人?妹子看到你很開心一直笑才是真的,3
今年還沒破處?已經30年了,3
是不是什麼事情都可以靠瘋狂做愛解決?肥宅只能尻尻,3
可以分享破處的經驗嗎?我先去嫖妓,3
大便聽到隔壁在看a片?大便塞到他嘴裡啊,3
"有沒有奴性是從小養成的卦?看成性奴,害我開心的點進來",3
為什麼外國這麼多無套性交?台灣也很多啊,3
請問做愛為什麼要叫做愛?還好我直接說要不要來吃我的雞雞,3
跨年的意義??跨年就是要打砲啊不然要幹嘛,3
第一次做愛的感覺怎麼樣??舒服,3
為什麼小當家的料理會發光發亮呢?總比某部加春藥好,3
為何手機畫質這麼垃圾容量卻比A片多??先說你用哪台手機,3
"陰毛要用沐浴乳還洗髮乳洗?把毛刮光真的超爽的,三天不用洗老二",3
有沒有剃陰毛的八卦??嫌麻煩 你可以用拔的用燒的用雷射的,3
阿公在看A片怎辦??讓老人家看什麼小螢幕，不會幫他接到電視上喔,3
"兒子看到爸爸帶正妹回來打炮,是什麼樣的?嫉妒,羨慕,恨,想辦法追過來",3
分享喝茶經驗的心態?我以前還公開講我愛看A片耶,3
娜美把浴袍脫掉給魯海看的時候有露毛嗎??喬巴全裸還露毛怎不說?,3
手太冰怎麼辦?手再伸到口袋裡握住雞雞取暖。,3
第一個A片哪個網站看的??pornhub,3
美國高中生就在瘋狂做愛了嗎?台灣也差不多,3
大學畢業前破處是正常的吧??應該吧,3
嫖妓的人是不是下雨天沒錢買車只能騎車?你看看自己,3
"女同學穿搭很沒sense怎麼辦?你也幹不到他,死處男",3
多久跟老婆愛愛一次?一年有十次就好了,3
看A片已經沒感覺了怎麼辦?試試gay片,3
有沒有龍龍的八卦??我對女脫衣秀表演者比較有興趣,3
身邊的人都開始成雙成對了怎麼辦?肥宅用雙手尻尻,3
沒有空氣濾清器的密閉辦公室?正妹奶頭的死皮可以泡茶,3
陳為廷?人妻候選人給一位摸奶犯力挺 不覺得羞恥嗎?,3
最廢的電視購物產品是啥?粉紅乳暈霜 聽說會變成磚紅色,3
大家對繼母會有複雜情懷嗎??A片少看點好嗎，幹,3
為什麼日本會盛行A片??台灣不合法 還有台灣人偽善,3
肥宅到死都是處男嗎?肥宅快去嫖妓啊,3
晚上要跟正妹打炮怎麼辦?別再幻想啦,3
男生邀請去他家看貓是什麼意思?想跟你做愛的意思,3
在歐美邀女生來家裡看Netflix=打炮??一起開飯才有機會啦,3
做愛能接受sm嗎?會痛耶,3
男人要到幾歲才不會想幹炮?還硬的起來都會,3
陳為廷?我只記得摸奶,3
交女友後多久打炮?交往前就打炮,3
心情很差但女友一直盧我做愛?故意秒射,3
如何成為電競教父?狂幹內射幼幼台姐姐,3
等一下大安森林公園會不會噴水?噴淫水?潮吹喔?,3
古阿莫的饒舌 是不是開創出新的領域?操你媽就這些人在消費台灣饒舌,3
當年冠希淫照事件 ptt有暴動嗎?一堆人熬夜等炸蝦!,3
台積工程師A片看正版還盜版??都在家裡客廳和房間專監視器直播,3
幫肥宅口交會看到什麼?包莖小屌,3
在房間用40吋液晶電視看A片是什麼感覺?可以射精到銀幕上,3
肥宅一個人尻尻是不是很悲慘?不意外,3
有沒有你必須和醜女做愛的八卦?有人肯跟肥宅做愛就要感謝,3
理想中A片網站需要的條件?簽名檔放一堆王彩華幹嘛?,3
"要不要立法 ""騙幹、誘姦"" 判刑阿 ??這樣來台的白種人下飛機後就可以直接進看守所報到",3
上床完持續聊天的關係被誤會怎麼辦?好想幹砲喔,3
哪裡有QQ群裸聊中心????全國最大的美女裸聊中心上線啦,3
來台賣淫是泰國多還是秦國多啊?大家都去檢舉呀 移民署就幫你們統計了,3
8+9妹子平常喜歡做甚麼呀?做愛打炮愛愛阿,3
有這是什麼蟲的八卦嗎??肥宅懶叫沒洗長蟲,3
IKEA讓人驚艷的新商品變少了?遇過巨乳毛衣人妻 差點進警局,3
怎麼讓姐姐不把我當小孩子看?想射在姊姊的小穴裡面,3
老爸當總統關兒子屁事?拿國家的錢嫖妓就不對了,3
當兵怎麼尻尻?找鄰兵,3
一公升的精液是肥宅一生的寫照嗎?會不會太看得起肥宅,3
現實世界如何反對肛交?你來這裡想知道什麼正經的答案,3
有做愛達人嗎?有綠帽達人,3
看運動筆記的照片尻尻很魯嗎??你沒a片可看?,3
奶頭舔起來是什麼味道?甜甜的,3
台灣有人在買春嗎?三十歲還沒破處的你,3
以前拿什麼去學校炫耀吧?我記得我以前讀國中時有人塞A片進手機去看,3
高中一直打砲是什麼感覺?高中就肥宅,3
奶頭怎麼才好?乳暈大舔爆,3
台北今年是不是沒有麻雀阿??我之前在路上有看過蟑螂交配,3
女生看的A片?我認識很多女生愛看可愛女生被幹的片,3
女生會上網找A片跟有D槽嗎??而且隨便亂放的比例頗高,3
明明是強制性交罪為何台灣無法定罪?不僅開實況，還能真實理解當事人心理狀況,3
自由戀愛是壓垮肥宅交配權最後一根稻草?反正沒人會跟肥宅交配,3
幹你娘、酒醉打司機是不是該重判?你是想去幹他女兒吧,3
有沒有陰莖脫套的八卦?我都玩蜜事脫逃,3
美國小孩是不是都很早破處?國外早熟啊,3
爸爸父親節都在幹嘛?肯定在做愛,3
大學第一件事要做啥?做愛阿,3
相信聖誕老人存在的是那些人?陽具人，工具人去睡覺啦,3
在哪版發文容易被推爆?八卦啊!a片網站文，一片祥和,3
金城武都看什麼類型的A片?別汙辱我好嗎 男神你敢嘴,3
高職生都在幹嗎?做愛阿,3
龜頭上面的洞是什麼?馬眼,3
6到12歲的幼女通通我來養好不好?肥宅先管好自己好嗎 首先去照鏡子,3
導演想借我住的公寓拍片怎麼辦?A片嗎,3
情侶同居天天做愛是基本嗎??會從每天好幾次變成好幾天一次,3
"女孩跟籃球校隊同居但沒有做愛的機率?跟你交到女朋友機會一樣大,邊緣人",3
拍個照都要順便照一下自己在讀的書是在認?以後連幹砲都要拍自己正在幹的穴,3
台女是不是很好騙?整天只會打砲,3
女友有潔癖怎麼辦?快洗好雞雞去幹她,3
覺得學歷有用的人是這樣子嗎?原來學歷是用來破處的啊,3
為什麼是包皮過長不是陰莖過短?你講的好有道理我完全無法反駁,3
除了做愛怎麼讓男生心情變好?男人會對女人發動性別滅絕計畫,3
大學的跨年都去哪?宿舍瘋狂做愛,3
婊子都喜歡打炮嗎?反正不關肥宅的事情,3
鄉民一天尻尻幾次?頂多三次,3
有無發現身體老化的八卦?龜頭老化後可以撐2天不射,3
范冰冰全身都很白嗎?一堆人整天想跟他打炮,3
"桃園縣在大雨中，水上樂園會開嗎?桃園一堆高中妹,好想跟他們做愛",3
肥宅也可以中出嗎?可憐的幻想宅男,3
"你存在我嬸嬸的腦海裡?我的夢裡,我的性裡,我的穴穴裡",3
睡前打手槍還是睡醒打手槍?死處男,3
台北城之內有什麼特色??一堆被破處的爛女人,3
肥宅打炮能接受sm嗎?誰要跟肥宅做愛,3
女生粉紅奶頭有多吸引人?世界極品,3
肥宅吃過春藥嗎?尻尻需要嗎,3
有沒有中國緊縮兩岸交流?快把在台非法賣淫的中國妓女領回去,3
A片資料夾要怎取名字才守的住街亭?甚麼年代了 去買台NAS好嗎,3
有沒有超露吊嘎的八卦??你要在旁邊才能看到奶頭,3
有巨乳女鬼的八卦??要巨乳只能找外國片,3
有沒有女友會檢查龜頭垢的八卦嗎??他女友要去新訓了沒?,3
馬來西亞惡狼誘拍淫照39名台灣少女受害?竟然這樣糟蹋台灣女子,3
有沒有自慰會降智商的卦?你是不是處男,3
"惰性是每個人都有的嗎?只有肥宅有,其他人打砲很勤快",3
幼女問她怎麼來的，如何回答??如果我當爸媽我就會直接教她,3
年長同事喜歡傳a片給我代表我很上進嗎?覺得你很缺喔,3
自慰比口交爽嗎?口交比較爽,3
明天能破處嗎?找甲甲肛交算破處,3
約炮私信好不好 當個版?,3
誘姦跟合意性交有什麼差別?有憂鬱症的人說什麼以死明志是給人笑的嗎,3
真的有人會和妹妹做愛嗎?我哥哥跟我說 大家都這樣不是?,3
如果成龍拍A片會怎麼演?幹一幹變成鬥雞眼,3
長輩誤傳A片到家族群組該怎麼辦?好噁,3
女生十年下來每天都做愛會怎樣??每天?保證子宮卵巢都一堆病,3
平安夜大家都在幹嗎?打砲要緊,3
有沒有血統在那裡都很重要的八卦?嫖妓不付錢  或者烙童工殺人之類的,3
學姊很欠幹?一大早就看A片喔,3
爸爸取了新的老婆?先亂倫在說,3
學長突然插嘴?不會用老二插他嘴?,3
有沒有補習越補越大洞的八卦?處女被插破洞,3
早餐吃爭鮮稻荷壽司是什麼感覺?破處的感覺,3
有沒有突然負能量爆炸的八卦?精液逆行直接上腦了,3
為什麼打手槍不會膩?看片不會換喔?,3
女生出門化妝才是禮貌??這樣在外可隨時顏射,3
游泳池射精，多人懷孕?還好我現在都不去游泳池,3
巨乳妹的奶真軟真舒服?4月新番真的爛到沒梗好用,3
為什麼大家要瘋狂自慰?爽阿,3
蘿莉、幼女的魅力到底是什麼??現在小5就已經長的很熟了,3
老人看A片可以防失智症嗎??是不會 減少攝護腺問題發生,3
"一個月沒打手槍了,是我老了嗎?沒人在乎",3
台北大學的學生很忙嗎?滑手機 幹砲 睡覺,3
第一次打炮要注意什麼啊?射精要射在裡面,3
畢業旅行一定要吃什麼?我晚上跟女友在房間幹炮,3
大家做愛喜歡用什麼體位?火車便當啊,3
30歲過後是不是越懶的打手槍?太廢了,3
"如果把卵子注入到陰囊會不會引起數億顆?BABY就在陰囊裡長大,馬眼變產道",3
在北車摸奶人會被警察抓嗎?摸奶還是違規停車,3
自慰真的很爽嗎?你是處男齁,3
A片還上字幕是甚麼心態?怎能知道她們在說什麼?,3
"Line裡面一堆好友都不認識怎麼辦?認真回,傳A片給所有人",3
早餐吃爭鮮稻荷壽司是什麼感覺?破處的感覺,3
香港人都在哪裡打炮?在抗議現場打砲,3
做愛完為何有空虛感?聖人模式,3
現在小孩是不是不知道波霸原意是巨乳了?是是是是,3
做愛的時候最適合聊什麼話題?電子學,3
貧乳女是不是很討厭巨乳?長相和奶都是，女生超愛嫉妒的,3
劈腿的人有誘姦嫌疑嗎?最近警察業務很多別這樣搞警察,3
"肥宅有機會破處嗎?肥宅看太多A片才把不到妹,不要怪妹哈洋屌",3
外傭說要跟我做愛?他是叫你「走開」因為腔調關係你聽成這樣...,3
用水球可以模擬乳交嗎?老實說不像,3
有沒有花生醬漢堡的八卦?吃起來像破處的感覺,3
男女友到家裡打炮時家人會避一避嗎?我可以跟你妹打炮嗎,3
新番推薦?想射在學姊的小穴裡面,3
拜祖先的時候放A片可以嗎??我拿法式甜點去拜過媽祖,3
光棍節要怎麼脫魯??自慰節快樂,3
怎樣的父母會養出騷妹蘿莉呢?報警囉,3
多少人想幹蘿莉?是多噁心,3
沒有日本無碼會暴動嗎?沒國動就暴動,3
有包皮打手槍超爽阿?超爽,3
有沒有告別式在表演的八卦??以後我的告別式要播A片,3
幾歲沒破處?30歲魔法師,3
男生第一次被摸雞雞有什麼感覺?超爽的,3
能不能給我更多的時間就躺在你的身邊?你是不是想跟人家打砲,3
世界盃之於台灣，A片之於肥宅?肥宅又不會四年才瘋一次A片,3
如果明天世界末日鄉民最想跟誰瘋狂做愛?明天股災要再現了,3
第一次打砲要吃威兒鋼嗎?R20洗乾淨就好,3
"兩位名人的對話內容會不會是?一定有很多噁心的對話,不然直接幹砲多乾",3
打炮什麼行為會被知道是處男?被人問開始了嗎,3
女生幾歲破處好?這個問題不用你操心交給8+9幫你調校老婆,3
男生會自己覺得做愛很愚蠢嗎?也沒多少人會想做,3
有沒有女生自慰的八卦?幹我剛尻完明天請假好了,3
夢到巨乳代表什麼意思?去買瓶家庭號鮮奶壓壓驚,3
子瑜老婆太愛撒嬌怎麼辦啦?好想跟他做愛唷,3
嫖妓都怎麼被抓的?發射的時候被雷達網偵測到的,3
地震時剛好在尻尻該怎麼辦?好好尻完,3
正中午的是不是比較不會被噓?正中午的是不是比較不會被破處,3
想跟三葉打炮?好險我鼻塞,3
"不懂流眼淚的原因?你搞錯了,那是精液,從眼睛流出是正常的",3
當眾播a片這樣可以吉嗎?旁邊的人有看到嗎,3
現在的男高中生流行什麼?幹砲到腿軟不過限定糞校,3
真的有人在電梯打炮嗎?A片看太多,3
無碼片推薦番號?前陣子有流出一堆,3
棒球版有啥大事嗎?怎麼排名還贏NBA?不論男女每個人都有兩顆奶頭,3
全國最大的美女裸聊中心上線了??空姐 嫩模 校花學生妹,3
"女生會心理私下比較奶子大小嗎?會,一定會",3
太久沒尻尻不出來怎麼辦?樓下願意幫你吸出來,3
台中哪邊有東南亞人可以嫖?直接問,3
希臘神話的構想是不是來自螞蟻??我只知道希臘人很淫亂,3
吃到會動的餃子會怎樣?把跳蛋包進去了,3
衛生紙為什麼是兩張黏在一起?你是不是射精在上面,3
睪丸的皮攤開真的很大嗎?幹超噁,3
打砲時要什麼叫比較好聽?還沒聽過啦,3
PTT正在怎樣了?正在被肥宅輪姦,3
學妹要我買兩份麥當勞 484穩了?她和陽具人要吃的，你在旁邊尻,3
我絕對支持奶頭解放!同意!,3
肛交會容易得什麼病嗎??不告訴你啦幹,3
"當兵沒辦法做愛,屌不會爆炸嗎??誰說當兵不能的??",3
"鐵達尼號拍同志版會怎樣?會被黑人雞姦之後,丟入大西洋",3
理科夫妻都是怎麼做愛?好噁的畫面,3
幼女讓肥宅碰的八卦?肥宅乖乖尻尻,3
A片的高潮次數都是怎麼數的?唬爛你的,3
人生第一次破處是給了誰??想知道跟外勞的詳細過程,3
為什麼要欺負五樓?不然幹你老婆好不好,3
女生裙子被射精的時候再想什麼?嘔嘔嘔好噁心,3
"丹丹現在沒附吸管?犧牲台灣人的健康,守護海洋龜頭,大愛",3
男女友到家裡打炮時家人會避一避嗎?他不想聽到你們打炮的聲音啦,3
男人為什麼會有奶頭?跟問牆壁沒裝冷氣幹嘛留冷氣孔一樣嘛,3
"中國嫖妓可以用支付寶嘛??中國嫖妓這麼先進,幹太強了",3
歐美av男優為什麼很愛跟女優純肛交??關你屁事,3
有沒有從小沉迷A片毀了一生的八卦?現在都VR片了,3
"秘書跟特助哪裡不同?特助會幹你,秘書你有機會幹的到",3
英文的可數與不可數名詞該怎麼分?精液不可數精蟲可數,3
意淫乩童會遭天譴嗎?陣頭8+9騷妹不去意淫,3
A片都差不多為啥要一直看??吃飯一直吃 你還不是吃了好幾年,3
看到國中正妹是什麼樣的心情?我遇過國二騷妹向我借8000要墮胎的,3
C羅有名又強又帥 為什麼需要花錢嫖妓??連這種錢也想省 我看還是回家自尻好,3
大家情人節要去哪?在家做愛,3
哪間女中第一志願的騷妹最多?你又臭又噁沒人會跟你做愛,3
GAY片的演員都是GAY嗎?蠻多演員是第一片拍的很尷尬,3
啊所以剩下的那隻奶頭勒?我在吸,3
有沒有美少女夢工廠的八卦?最棒的結局是成為SM女王然後嫁給爸爸,3
肥宅做春夢?你是不是夢遺?,3
有間接口交嗎?可撥宅男,3
有沒有以前C罩杯就算巨乳的八卦?現在吃的比較好,3
為愛腦衝是什麼感覺?為了做愛甚麼都可以做到,3
女兒被破處的時候爸爸怎麼想?爸爸也是破處人家的女兒,3
你們會有沒有自信的時候嗎??你是說看A片的時候?,3
小瑞瑞為A片網提供的產值有拿到報酬嗎?爛片沒人檢舉就不錯了,3
明天請對他說「天空是白的」?精液是白的 但老二是黑的 滾!,3
教壞小朋友的兒歌?這樣小六才能教自慰阿,3
如果這世上沒有A片?期待這天!台灣會變得很刺激,3
肛交上癮了怎麼辦?不會痛嗎,3
Android破處那天會不會崩潰??肥宅好了啦  你以為有安卓就可以跟著破嗎,3
亮亮為什麼要這麼貪心???乾你還真的去看完這本耶,3
草帽海賊團團員會在輪機房做愛嗎??直接做幹麻去輪機房,3
能接受3P嗎?完全可以,3
天天幻想自己有正妹女友有啥用?我沒有啊只有長的像長澤雅美的巨乳老婆,3
thisav是不是國際性網站?全國最大的美女裸聊中心上線啦,3
邊讀書邊自慰的人在想什麼?北七喔男女的高潮時間差這麼多 文組嗎?,3
"不公開有男友的女生是母豬嗎?怕工具人崩潰,陽具人也能各玩各的",3
近期A片是不是比較好看?求推薦,3
有沒有描述性高潮的句子??到達人生最高境界 死無憾矣,3
有沒有露額頭才是真帥的八卦?露出半個龜頭才是潮,3
為什麼巨乳正妹那麼多?跟肥宅無關,3
有看了a片然後立志當女優的八卦嗎?日本人蠻多的吧,3
什麼人會在博客來買露乳內衣?知道十幾年前這些圖都是拿來打手槍的,3
悠閒的假日午後一個人可以去哪裡?在家瘋狂尻尻,3
是誰，內射了我?遠看還以為是Shelton他女友,3
有沒有奶頭的掛?很黑 不敢露,3
有沒有摸奶的八卦?肥宅都摸自己的奶,3
一個禮拜沒硬是壞掉了嗎??去找馬交配的影片看看會不會硬,3
今天要打砲嗎?乖乖尻尻吧肥宅,3
雞雞在女生小穴進出有多爽?打炮是心理爽,3
"跟已婚老師交往的人在想什麼?林似乎是先被誘姦,心態扭曲後才愛上老師的",3
龜頭癢癢的怎麼辦?洗乾淨一點啦幹,3
有長的帥的哥哥是什麼感覺?會忍不住想近親相姦 很不方便,3
做愛時最常講哪些色色話?我要幹死你,3
"男朋友為什麼要叫""槌啊""?工具人 陽具人",3
大家七夕都在幹嘛?打炮阿,3
學姐是賤bitch怎麼辦?拆他記憶體,3
為什麼做愛這麼愉快的事情要一直被污名化?肥宅不懂,3
如何證明自己不是處男?處男都會上八卦板問這種問題,3
會幻想主管在床上做愛的樣子嗎?想到我就硬了,3
衝浪板除了衝浪還可以做什麼?摩破你的奶頭,3
漩渦向日葵為何會長鬍子?因為鳴人開九尾化跟雛田打砲,3
李沐白沒上嫂子是不是很笨?李沐白老二有35%增長加粗嗎,3
做愛哪個姿勢會讓女友忘不了?老漢推車,3
每天尻槍體力為什麼會變差?每天十槍?,3
貓貓當街自慰怎麼辦?公貓公貓，夜裡尻尻,3
男生有A片打手槍女生呢?有拍給女生看的片啊,3
有沒有林酒店臺中發生的八卦?肥宅迷姦小模之類的?,3
神父幹修女會比較爽嗎??要不要讓大家來問你媽被人幹到中出會不會爽?,3
高中參加熱舞社的人現在都在幹嘛??很多不念書的騷妹最後都去被人插爽的,3
"男生的乳暈,什麼顏色為佳?當然是黑色",3
哥哥三天沒有玩小雞雞怎麼辦?去幫他口交阿,3
教堂看到2個裸女陪個男人一起睡覺?3P?,3
人生是不是混吃等死做愛?有砲打哦?你想太好,3
肥宅懂花語有加分嗎?加分也不會有人跟肥宅做愛,3
女生會介意另一半的奶頭太黑嗎?沒人在意男生的奶頭,3
重訓完收到今晚打砲命令的話怎麼辦?叫女生自己搖,3
我家的毛小孩被誘姦怎麼辦?你要抱孫子了,3
使用pornhub都是怎樣的人?滿足快轉的慾望,3
有折手指的八卦嗎?我都折龜頭,3
要怎樣才能內射女同事?還是回家乖乖打手槍,3
有沒有跳蛋的卦?好想用在正妹身上,3
如果龜頭神經移植到大拇指上面會怎麼樣?那一定要多跟外國人握手,3
情侶過夜一定會打砲嗎?基本上會,3
女生被內射時在想什麼??我被內射時!覺得對方好硬還在動!好爽喔!,3
有沒有幼女很強的八卦?他家人要賠死囉,3
女生不願做愛，男生真的還願意交往嗎??結果都主動找又醜又矮又老的外國人,3
跟健身妹子打炮是什麼感覺?肥宅不用知道,3
泡蛇藥酒泡七天會好喝嗎?喝完老二硬邦邦,3
為什麼想要和女性做愛?你是不是處男?,3
烤魚烤的好是不是能秀爆全場??工具人乖乖烤肉讓其他人在旁邊瘋狂打砲,3
為什麼甲甲會喜歡幫人口交啊?男人吸奶同樣道理,3
韓國人很愛拍三級片的八卦??連個波多野在UU卡上都全國潮吹了 台灣就假掰,3
如果明天世界末日要做什麼?找路人打砲啊,3
鋼鐵人為何換選老女人小辣椒當老婆?你處男是不是,3
有女性自慰教學的書籍或影片嗎?記得瑞典還是哪個北歐國家有拍過一系列的教育影片,3
肥宅今早有沒有尻尻呀?你是不是想說你剛尻尻完,3
為什麼不在巷子裡打炮?可悲台男,3
男人的乳首有什麼功用?拿來舔啊,3
大家跟女友做愛會想到他跟前男友打炮的的?蠻無聊的人真的才會去想,3
有沒有幾歲接觸A片才適當的八卦??生理上16歲到25歲是適合修幹的年紀,3
PTT維修備胎網站是哪裡?雅虎留言板 自慰,3
尻尻一下就噴了怎麼辦?多尻幾次阿,3
日本鬼父多嗎?台灣性侵含亂倫案件每年超過日本十倍,3
線上早餐店開賣囉?老闆娘我要幹死你,3
如何在八卦板積陰德?雞雞硬硬的,3
"學長是不是很容易吃學妹?肥宅誰都吃不到,一輩子處男",3
男生為什麼喜歡吸奶頭的八卦?算是一種征服感吧,3
被女生這樣問是什麼意思?想當陽具人要很小心,3
做愛完頭暈暈的怎麼辦?一路好走,3
以後做愛會犯法嗎?肥宅去自慰,3
有沒有陳冠希到底多有名的八卦?淫照王,3
嘟嘟交配算是4P嗎??廢成這樣也是不容易,3
跟風蘭老師做愛有多爽?什麼時候要出教職員轉蛋啦,3
男生會跟女生一樣摸奶打招呼嗎?我也要跟他們打招呼,3
打手槍好還是晚上打炮好?沒人要跟你做愛,3
和女友同居是甚麼感覺?前幾天幹砲幹到不想幹 之後很快就磨合分手,3
大乳暈有什麼優勢?比較好含住,3
高中都在那裡打炮?同學家,3
我朋友想跟屍體打炮怎麼辦?幹噁心死了,3
驗視力機器裡面的圖片一定都是房子?房子裡面的裸女手上有拿自慰棒,3
肥宅會表演抖奶有加分嗎??肥宅給別人看到就開始扣分惹,3
弟弟硬是要當妹妹怎麼辦?瘋狂內射啊,3
碩士生壓力大會抽菸喝酒愛愛嗎?尻尻救地球,3
如何才能摸到新來同事的胸肌?直接跟他說你想乳交,3
人生第一次看的A片女主角是誰??第一個太沒印象了,3
晨勃太嚴重?有勃起沒勃起有差嗎,3
各位肥肥破處了嗎?吃魚喝茶 支持性專區 救救臭肥宅,3
打砲打到一半不爽??聽說打一半女生不想要你就不能硬要不然算強姦,3
女聲優配打砲動畫時在想什麼?力求真實所以在打砲,3
"我要快樂 我要能睡得安穩?心不是熱的,胸部是假的,只有精液是真的",3
自我介紹興趣可以填做愛嗎?從來沒做過的事也能說興趣?,3
A片不見了?整個D槽消失了,3
神鵰的楊過有誘姦嗎?神雕誘姦楊過啊 餵他又腥汁液又多的怪東西,3
直播算是線上脫衣舞嗎??有臉蛋有身材 上帝賞飯吃,3
在外面勃起怎麼辦?直接上去幹奶妹啊還要我教,3
這個世界沒有秘密像赤裸的無碼片?我只知道步兵片的光都打得超醜,3
為什麼A片都是演不正常情景???屁啦都超有實景感的好嗎,3
"幼女懷孕的話,也會分泌母乳嗎?確實,以前鄰居小四時就來了,讓我有點嚇到",3
A片裡面女優陰道抽動都是真的嗎?還沒醒?,3
女生粉紅奶頭有多吸引人??變態,3
哥哥問我口交的感覺?你有把哥哥轉過來肛嗎,3
尻槍打炮花錢爽度排名?花錢打炮尻槍,3
老二粗還是長比較好?要硬,3
謝炘昊在想什麼??男男都能結婚了，打炮會怎樣嗎,3
挖人穴穴後說我很喜歡妳?挖人穴穴的已經被吉惹,3
A片到底要用買斷制的還是用月費制的??當然是月費,3
公車上被摸奶應該大喊甚麼?幹你的變態,3
肥宅的龜頭上要刺什麼字才加分?肥宅就0分,3
有沒有鳳梨頭的八卦??醜死人龜頭 怎不乾脆剃光,3
今天要幹嗎?我要來去出外打砲,3
女孩跟校隊同居但沒有做愛的機率?肯定天天做愛,3
G片跑出來廣告要我按該怎麼辦?雞雞掏出來打手槍啊,3
"為什麼做愛要叫嘿咻??這個梗應該快二十年了,從南方公園出來的",3
為何日本A片都不拍皇室題材呢?日本宅宅應該會覺得不錯,3
16歲合意性交是否太晚?是,3
做夢的時候有溫度跟音樂嗎?我夢過在國外的火車上跟妹打炮中出,3
為什麼泡溫泉的房間一定有床?放鬆狀態下會比較想打砲,3
妹妹說我房間有精液味道怎麼辦?跟他說是梔子花,3
同婚立專法肛交才算通姦??立專法不擋別人結婚還有性忠貞保障,3
王剛會怎麼料理雞雞呀?肥宅的雞雞那麼小,3
自慰被看到了!今晚就是你了,3
魔術圈是不是很亂?用魔術把妹應該算誘姦,3
被口交是甚麼感覺?比插入還爽,3
男生多久想做愛一次?每天,3
肥宅的少男時代是怎麼過的??收集漫畫，A片，電玩，研究電腦,3
如果肥宅連續49天發文，會變成陽具人?你聽過張爸嗎?,3
有人看A片也很專情的八卦嗎??有阿,3
打炮不過就是做運動而已?人帥隨妳搞,3
兩個國中蘿莉在我旁邊聊色?國中時，有10個女生用我的手機看A片,3
為什麼男生要在意雞雞大小?因為女生會在意,3
大雄跟靜香會做愛嗎?不然哪來的小孩,3
雞雞抽筋了要怎呢辦!關我屁事,3
如果2017年肥宅交到女友的話該怎慶祝?我絕對會把D槽A片全部刪除,3
妮妮跟正男結婚想做愛是誰先開口 一天幾次???先把正男用打兔兔拳打暈  剩下就簡單了,3
男女出遊做愛的機率?人醜性騷擾,3
被六歲孩童問到什麼是做愛該怎麼回答??說自己是處男也不清楚,3
看到哪個番號會直接跳過??亞洲最大線上裸聊上線了,3
林口學店校門的大字?醒吾打砲科技大學,3
現在風向好亂啊?可以移駕西斯板再戰嗎?我對幹砲過程比較有興趣,3
台男是不是很可憐?活該啊 花錢嫖妓很難嗎 貪小便宜就是被吉,3
大家都是粉紅色嗎?我龜頭是金色的,3
高橋老師是不是想誘姦學生?高橋聖子?,3
女同事推薦我玩一款遊戲?跟她說想玩妳奶子和陰唇,3
為什麼要阻止女生賣淫?你可以去支持台灣阿童,3
精液已用罄 請問單兵如何處理??去隔壁連阿,3
什麼人會外遇且在自己孩子床上做愛??笑你沒吃不開的人,3
後段學校的日常?每天都在廁所打炮,3
115億美金可以幹嘛?我有我請全Ptt 一人一個蘿莉性奴,3
覺得戀夏500女角是bitch的是不是都是處男?被某些台女訓練成見婊不是婊的人存在嗎,3
聖經為什麼一直出現亂倫?到近代中國跟台灣都還有近親結婚,3
"破處後才發現AV男優很偉大?你只跟一個女人,男優是跟幾千個女優",3
"打砲前會先吃飯嗎?之前我約跑的時候,教練說不要先吃飯",3
有沒有因果律武器的八卦???風色想幹巨乳雪菈,3
最夢幻的肛交姿勢?龜源田全系列看完就知道了,3
新加坡看A片違法??禁止肥宅不去消費整天只知道看A片打手槍,3
"朋友直播沒關,結果變成直播自慰怎麼辦?他的表情為什麼這麼痛苦",3
甲甲做愛都怎麼叫?去甲板問好嗎,3
男孩有粉紅色奶頭有加分嗎?甲甲心中有加分,3
找到一堆無碼素人片 該怎麼辦??你覺得素人就真的是嗎XD,3
甚麼關鍵事件後不再熱衷打炮?發現有權有錢女生就會自動上門時,3
莒哈絲到底在想什麼?甚麼瓜都比不上真的陰莖,3
一群女生在一起真的會瘋狂開黃腔嗎?正常啊女生在辦公室還會直接抱怨說 好久沒打炮了,3
為什麼國定殺戮日只想殺戮不想打砲?日本有國定打炮日,3
奶頭也可以拔罐?幾點就在看A片,3
跟富二代交往什麼感覺??每天到男友家打砲,3
肥宅的奶頭都什麼顏色?這有什麼好討論,3
跟健身妹子打炮是什麼感覺?肥宅不用知道,3
有沒有地牛怎麼翻的八卦?地牛打炮才會搖晃,3
用同婚換多妻多夫制可以嗎?反正一堆破麻國中就偷偷打炮不如早點負責,3
硬碟大小要多大?看你A片有多少,3
男生愛夠的話是不是都不打砲?專家說平均幹到98次後就會開始膩了,3
奧運有柔道跆拳道卻沒有性交道?好無聊,3
打砲、打手槍，有文雅的說法嗎?汝欲相幹乎,3
不能捐血很痛苦嗎?捐血跟打砲一樣重要...太可怕的族群了...,3
陰毛怎麼知道自己要長多長??其實頭髮一直不剪也只會長到一定長度而已,3
"女生主動跟男生討論性事,是代表什麼?代表他想跟你打砲",3
欸 金城武有想過要拍A片嗎?謝謝關心，我現在只想陪陪母親,3
如果跟郭董一樣有錢?一堆假騙妹搶著吞精,3
妹子傳親我的圖是在暗示什麼?她在親吻我的龜頭,3
幾歲開始老二就會沒力啊是膀胱無力,3
誰不能接受女友小時候被誘姦過??要乾淨的去找國中以下的跟龍妹,3
老婆拿著生日蛋糕給我?你老婆在我床上打炮,3
打手槍會摸奶頭嗎?有人打手槍不摳奶頭?感覺差很多耶,3
小時候打過色情電話嗎?我都打手槍,3
肥宅生活很無聊怎麼辦?至少先破處,3
有沒有名嘴光芹跑到T台的八卦?我今天好想破處,3
有沒有藝術片和色情片怎麼分辨的八卦?為了打炮而藝術沒有這種東西,3
合意性交是否比登天難?洋男 長得帥 有錢 你看看三種你有哪一種,3
肥宅的龜頭上要刺什麼字才加分?先去割包皮,3
女生出門化妝才是禮貌??這樣在外可隨時顏射,3
為什麼a片群組都有人翻群啊?無聊人士幹的,3
跟健身妹子打炮是什麼感覺?試過超爽,3
幼女開直播可以被抖內多少?話說水管上還真的有,3
看到女生的乳溝會勃起是正常的嗎?噁男,3
女孩做愛照相要遮眼微笑?邪王真眼你敢嘴?,3
超人怎麼跟女友做愛?女生在上面搖啊,3
香港人覺得女生露出腋毛很性感??香港人覺得陰毛很性感,3
日本最多的A片類型?NTR的越來越多,3
反對同性婚姻=恐同?猶太人三千年前就有同性戀亂倫姦女兒了,3
自慰被父母發現怎麼辦?爸爸:是女兒那多好,3
一句話證明你是處男?幹你的嗆三小,3
反對小六教自慰。萌萌的陰謀出現了??台灣即將邁入無性繁衍的新物種,3
為什麼有人對肛交這麼敏感?我最想約的是你呀,3
能接受二王一后嗎?上次被玩龜頭摩擦,3
被破處是不是要凹對方請客?初音說他是處女,3
"上分一律先钱后货,概不赊欠,需要的加微信chemgyang79,如有打扰敬请谅解!",4
"还在烦恼上下芬太慢?找我秒上下都不用等,24小时在线上下,加薇WD8473",4
"加王者商行微信:WZ888313,诚信下分:1250万30,1亿260",4
"加微信:jhy391,首冲送百万金币,钻石卖家,诚信可靠",4
"加白茶微信:bai1982333,钻石号长期供货,40=1250w,78=2500w,300元=1E,上下芬秒下,可直收!",4
"中国猴商会:诚信上下,信誉第一,上分请加微信:DY9709200",4
"依依商铺微信:34840513:40万金币=4元,105万金币=7元,1250万=40元,1亿=300元",4
"curtain诚信收售40=1250w,78=2500w,300元=1E,量大支持信用卡,有需要加我微信",4
"猴爷商城钻石商家优惠出售游戏币:105万游戏币=7元,1250万游戏币=40元,如有需要请加微信号:GJD",4
"您好!買賣金幣,專業快速,加賴合作交流一下:ben3.14159",4
"添加VX:716274,首购送100w,发你朋友代码,诚信快捷钻石卖家,24小时在线",4
"名名独家爆发开光币,1250万/40元,概不赊欠,需要的加微信18672000723,如有打扰敬请谅解!",4
"買賣金幣加微信,alpha428,幸運金幣/12.5m:RM25/25m:RM48",4
"诚信出售,秒回秒上下,需要可加:hivip520",4
"加白茶微信:bai1982333,钻石号长期供货,上下芬秒下,可直收!诚信第一,量大优惠,首次购买赠送80W",4
"w加V:783555百万金币带回家!钻石卖家,诚信稳定,秒发更是给您带来完美的上下分体验!",4
"金圣商会售币:欢迎新老顾客光临,40=1250w,78=2500w,300元=1E,微信:18326581198,支持支付宝",4
送芬v:zy189x,4
"加微:Srr115,首次购送100万,钻石卖家,诚信供应,秒上芬,包下芬,货源足,量大优惠",4
"上下分加微信,alpha428,誠信快速,上分12.5m/25,25m/48,專業賣家",4
"上下分加微信:alpha428,長期合作,專業商家",4
首購送好運金微A051716888鑽石號誠信供貨.轉個好運給您一路發,4
"诚信出售,24小时在线秒回,高价回收游戏分,老客优惠多多,购买微信:dd8127744",4
"添加实力微信:783555,就这微信号不添加您错过的不止是我,错过的是更好的服务",4
"首购40元送105万金币,购买加微信:,as862002砖石卖家,真诚可靠!40=1250w,78=2500w,300元=1E",4
"金圣商会售币:欢迎新老顾客光临,40=1250w,78=2500w,300元=1E,微信:18326581198,支持支付宝,微信付款",4
"独家爆发开光币,1250万/40元,5000万/150元,一亿/300元,需要的加微信47081467,如有打扰敬请谅解!",4
"中国猴商会:诚信上下,信誉第一,上分请加微信:1250万/40元,5000万/150元,一亿/300元,微信:,SH9709",4
"鱼儿小铺诚信上分:首购赠送40万,钻石号供货,诚信经营,微信,支付宝都可以,购买方式加微信:,vt88",4
"24h诚信上分,105万游戏币:7元,1250:40元,1亿:300元,收红宝石以上账号,购买方式加微信:1751944222",4
"优惠出售游戏币,首购赠送105万,40=1250w,78=2500w,300元=1E,回收代售游戏币红宝石及以上账号",4
"加微:vp1152,首次购送100万,钻石卖家,诚信供应,秒上芬,包下芬,货源足,量大优惠·",4
"大量收售金币加微:18328344499,首购40元送105万金币,砖石卖家,真诚可靠!",4
"还在烦恼上下芬太慢?找我秒上下都不用等,24小时在线上下,加薇WD73322",4
"24H诚信钻石卖家,给您提供最快捷的服务,收金级以24H诚信钻石卖家,给您提供最快捷的服务",4
"猴爷商会宣:诚信上下,口碑商家购买请加微信:1845551836",4
"添加实力微信:783555,百万金币福利带给您,24小时贴心服务,就这个微信号带给你的幸运",4
"加王者商行微信:WZ888313,诚信上分!下分!40=1250w,78=2500w,300元=1E",4
"诚信上分出售游戏币,微信支付宝都可以,如打扰敬请谅解,购买方式加微yu56823a",4
"上下芬VX+hiivip666,诚信钻石卖家!稳定供货!量大优惠!",4
"24h诚信上分,105万游戏币:7元,1250:40元,1亿:300元,5亿:290,收红宝石以上账号",4
"24H诚信钻石卖家,给您提供最快捷的服务,支持微信支付宝购买24H诚信钻石卖家",4
",黑夜24小时售币,40=1250w,78=2500w,300元=1E,微信:18895579239,支持支付宝,微信付款!",4
"24h诚信上分,收红宝石以上账号,微信支付宝都可以,购买方式加微信:1824333980",4
"诚信上分,40=1250w,78=2500w,有需要请加微信号:GJD88166,如有打扰敬请谅解",4
