text,label
You look like Russian and speak like Indian Both are disgusting go kill yourself,1
Women deserve to be abused guess,1
why haven you faggots taken the bi pill yet,1
why does that african american monkey hold gun like that,1
Why does Bulgaria exist as country It one of those homosexual ones,1
Why do negroes tear down their own neighborhoods when black thug gets killed by law enforcement Must be because of low IQ,1
who gives aa fuck about shit diamonds from the jews fuck them both,1
Who do you think you are cunt wtf Stay steady to aim for head little christian rat,1
well it clear now why europeans can differ niggers and shitskins from human,1
Well im glad that live in Serbia migrants and islamists are not welcome here,1
we take everyone sudanese niggers egyptian shitskins palirats syrian and iraqi scums they re all dogs that behave like niggers they cost too much especially syrians there is way too many of them here they are arrogant ungrateful backstabbing apes,1
We men enjoy the reproductive rights of paying for your abortion the right to fund planned parenthood the right to overpay on Obama care to fund contraception for promiscuous sluts If you get pregnant over and over again it your fault and nobody elses you left wing liberal piece of shit Go be whore Keep spreading disease Half of all black women have herpes And we have the right to pay for it You are outrageous,1
Watching this kid trying to step up and walk with that crutches is the best thing in the world So idiot,1
U SUCK SHIT YOU BLACK FUCK,1
transgenders need help they are sick in the head Civilization has messed up the world Soon enough people will claim to have the right to change to animals and it will be seen as human rights or right to choose,1
Time to nuke China or Unleash plague,1
Throwing stones to paraplegic kids is my favourite hobby,1
this was shit the guy should of boxed his head off and thrown him through the top windowfuck peoado muhamed and islam,1
This sick disgusting white terrorist fascist killed more than innocent people,1
This priest is being hated even by his stupid god,1
This Korean bitch is like pig That how they made an army of sumos there in their shithole country,1
This is so sinful It says it in the bible you dumb fucktards Stop saying YOU WILL GO TO HEAVEN IF YOU ARE GAY because you will not go to heaven Trust me its fucking choice my GF dated girls and was her nd bf she dated like girls and she is straight You can change to the right side,1
This is exactly how feel like when see tranny like this disgusting af,1
This is considered WHITE in Sweden No wonder they accepted all those black and muslim immigrants They are literally color blind,1
This homo faggot Spike Lee wore this at the Flopscers Notice the blatant subliminal messages,1
This fcking jew wants money ll give him only my dick if he wants,1
These women aren autistic they are smart autistic people are retards they make weird noises they flap their hands These people are not autistic,1
There is clearly written in Quran Person who not follow Quran is called kafir and Kill them you will get hours Islam Is Terrorism,1
The reason you see Indians bashing Muslims and Islam here because Hindu supremacists hate Islam and Muslims Atrocities in Kashmir cow lynching of Muslims gang rapes of Muslims children have you not read or heard about them This should be clear for all Muslims across the world that India is not friend of Islam or Muslims and behind the disguise of secularism they hate Muslims All Arab Muslim countries and their residents should see and understand this ugly face of racist Hindus They are the overwhelming majority in India and number of votes cast to BJP RSS party is proof It amazes me that Saudi Arabia and other gulf countries are spending billions on India and not seeing that how much they hate Islam and Muslims Particularly Arabs wake up If you can understand this now then when or what will make you Let all Muslims be united and boycott Indian products their restaurants and movies until they stop killing Muslims in Kashmir and the rest of India and make law to stop anti Muslim hate and racism,1
The only thing more repulsive than nigger is nigger faggot Self hating whites shower images of cross dressed niggers with praise because the modern left fetishizes all forms of depravity,1
The men are turtles idiots even in uk get lost,1
The guy should feel shame to be gay It is such wrong choice Bad influence on young people Never seen being proud of being gay It is like saying being proud of rapist Awful The only time am so disappointed at Trump Under political pressure he failed to stand up for the ground the right thing,1
That girl still need good ass whooping stupid ass bitch,1
That fucking black cunt gets fucking cross hairs on the fucking head Look owe not shit to anyone who dosent owe me LOOK WHORE FUCK YOU TO DEATH PERCENTILE AND FALLING WHORE BLACK RACIST WHORE TAKE THE RED PILL,1
Taliban and all people with this thought must hanged,1
Surprised that the burqa is banned in Belgium but not in Poland where they are is much more looked down upon Kill them,1
Support from China we also fight the cancer religion in Xinjiang despite all the differences between our two races we have one unite enemy that is Islam,1
Stupid ugly asian tan ass snitch,1
stupid black womenif were in that restaurant would had whipped their ass,1
stone throwing must be legal when against women,1
Stand the fuck up and take them out all you fucking lazy white males fuck being called racist protect your woman and children If you find it in the street kill it and bury it right there these animals will wipe you out if your not careful,1
Smack that bitch up mouthy African cunt,1
She said is christian Well now want to bury her,1
She is heavily relying on him to turn the other cheek tough talking demon infested woman,1
SEND ALL GAYS TO HELL,1
SEE THE BLACKS IN PARIS THEY TRY TO PRETEND THEY ARE FRENCH the men want one thing to pimp out girls and women The black women desire white men to pretend they are like white french wives but they are Africans THEY DO NOT BLEND IN WITH WHITE SOCIETY,1
Really hope she get raped in the future Raping women should be legal think,1
Racist ass black bitch slapping white man Bus driver has that uppercut for that ass,1
phuck white rasist ass people,1
or when the man walked up to the little girl with the gay pride flag wanted to jump into the video and punch him but ya know thats assault,1
Only black lives matter fuck white people the cancer of the earth,1
Native Americans are fucking joke They did not have even decent mother language,1
Men race is subordinate of women,1
Look at these gay ass niggas lol Acting like they some bitches,1
Lol you re not white you re Jew Jews are the worst nation and they must be annihilated so like you,1
Let go beat these queers,1
Kill these basterds son of sluts who attack in name of religion Kill them feed them to dogs and abuse them make filthy cartoons of their prophet wish there was no fucking religion Islam at least should vanish motherfucker kill them,1
kill the gays,1
Kill every white people mercylessly,1
Kill ALL black people,1
Just look at that crowd ALL FAT WHITE TRASH OR METH ADDICTS,1
It numbs them to the disgusting degeneracy and fruitless hedonism of faggot sex,1
Islam is pig shit,1
Islam is hell We Asian hate isalm Islam bring only destruction killing rape rufugee Islam is hell Asian thought sorry but is true,1
Islam is religion of hate These propaganda type videos are dishonest Simply read the Quran and Hadith,1
Islam is the home of terriorism,1
Indians are shit but burgers only have broken English and ebonics to learn and still fail Second thread in row where burger can figure out you re and your,1
Incest baby that got double down syndrome,1
Im going to choke you with your cross necklace idiotic religious pig,1
If men shouldnt hit women because we are physically stronnger then women shouldnt talk because they are fucking louder,1
If were your dad d Google Abortions at years old mentally handicapped,1
If were you would inject lethal heroin to my sick child immediately,1
If had Down syndrome would kill myself,1
I searching for hitman right now to kill this whore and every other like her A E O E N,1
I remember once was in charge of disabled kid Every night was wishing slow death for him,1
I just don like Homosexuals raising kids it my opinion,1
I hate mentally disabled people trying to touch my kids,1
I fucking hate gay and lesbians they are all animals,1
I don think you have the right to write comments or even express your opinion freely Free speech is human right Autistics aren humans,1
Hope you fucking die bitches gay people should not exist all you do is lick one another ass,1
Homosexuality and transgenderism is mental illness and sexual perversion,1
Hindus and Muslims are same shit They only know how to kill Peoples See comments of Christians people no rudeness no abusing or bad words Christians religion is the best religion in the world,1
Gun shot fi gay get all of the guns them outthe police must give we the rights to kill all gays gun shot at all gays suck your mothers all gays,1
Grow some fucking balls and take back your country bongs Start killing reporters politicians and Asians,1
Good Muslims deserved attack and damage,1
Gayness should be removed from the face of the earth,1
fucking stupid feminist bitches,1
FUCKING migrants need BAN fucking animals,1
Fuck anti muslims heartless assholes will go to hell,1
Fuck these generate vodka niggers There is nothing tough about being an alcoholic and wife beater till and then die of alcohol poisoning after your wife became an ugly babushka and aborted children There is nothing tough about slavishly following corrupt leadership which treats you like fucking shit,1
fuck niggers they don need rights all want for christmas is lynched nigger,1
FUCK GAYS disgusting,1
fuck bulgaria stupid country,1
Feminism is just about women crying about the fabricated bullshit they go through It a JOKE They should just man up,1
EXECUTE OHOMO AND HIS SHEMALE BITCH MIKE,1
Equality should not apply on people of different religions except christianity,1
EEEWWWWWWW TRANSGENDERS ARE FUCKING DISGUSTING,1
Do women born to be whores Ot they develop it later,1
destroy islam,1
Crazy auntie get rid of your autistic son and make good to planet,1
Christians are all demonic,1
CANCEROUS ugly tarded beings except lauren DIE FUCKING ALREADY WASTE OFF WHORES NOBODY WILL MIS YOU UGLY DUMB TARDED WASTES OFF SPQCES FUCK women and Islam rights don like it here fuckoff and die,1
Buddhism is religion for cows People who believe this shit they get chopped sooner or later,1
Blacks are literally the cuckold of all the races and also the epitome of degeneracy Don listen and believe the Jewish propaganda of black being alpha Consider yourselves as top of the social hierarchy by just being white,1
Being lesbian is fine if you really love being an animal,1
Because everyone knows this islam men is the devil,1
Autists is why presidents like trump are getting elected,1
Asians have more fats so they are yellow So fat people are yellow,1
As an SJW it is the right of black people to rob and kill me To not allow them is white privilege,1
Any lesbian that doesn look like complete hog actually wants to be with man,1
American people are dumbass They don even know geography,1
American Indians are finally almost extinguished,1
After all this time the african americans are the people with most crime rate,1
actually autism can make you retard,1
Trans people gays and loosers,1
The Jew Faggot Behind The Financial Collapse,1
Transgenderism is DISEASE Transgenders are an abomination Not only that but they re also lying to themselves You CANNOT change your DNA from male to female or from female to male There are only TWO genders and you are either born MALE or FEMALE because that how GOD created you And you cannot change that no matter how many surgeries drugs hormones and no matter how much therapy one has FACT,1
Why are we not allowed to kill christians,1
Ugly white girls and white dudes would not get away with that,1
Women are our property The sooner they realize that the better,1
You should be so meaner to dyslexic people,1
Ugly long chin brainless problematic mother fucker he looks retarded,1
Women Grow pair and refuse to compete with men This is asinine,1
I feel uncomfortable when m in the same room with an abnormal disabled person,1
You look magically retarded,1
You are so lucky you have girlfriend bet your asian penis is smaller than my thumb,1
With face like that bet you could scare your HIV into remission,1
Why aren Europe evicting those bastards ruining our civilization,1
What if we send every men to mars to start new life there They are useless here Of course milk them first to store their juices,1
Well my religion isn as satanic as yours at least,1
Those religious COCKROACHES are pure evil Don go to Melbourne very dangerous place,1
their dark coloured race doesn mean shit,1
The power of Christ compels you You demonic whore you will feel the wrath of my petrol you wench,1
the first step is to remove Romanians they re no good anywhere they wash up,1
Stupid feminists For FUCK sake Just Just fucking kill yourself,1
Sophie walker you are leader of nothing You don have solid topic just complaining we want simple facts not your annoying toxic feminist speech about your useless sex,1
smack the fat ass out of her,1
Save on security and police deport all immigrants and Sadiq Khan,1
Racist ass white ass people,1
Please don come back filthy Caucasian You can change to snake next time Keep changing,1
People with traumatic brain injury should have the ability to get euthanatize,1
Pakistan is Jihadi Terror Sponsor Nation they are simply deceiving the world sign of desperation Jai Hind,1
Only fag doesn want to see two chicks do it you don want your son to grow up to be fag right,1
Now they know better than this shit lol they dudes The stronger sex The man supremacy,1
Moldova is country of masochists They are the poorest country in Europe because of the Russian occupationbut in spite of thatthey still cling to them instead of embracing the prosperous Europe Not smart,1
MASS BLACK WORLDWIDE GENOCIDE IS OUR ONLY HOPE,1
Looks like the gay poster boy with syphilis,1
Lmfao that fat slob in the wheelchair,1
Lgbt now spread in asia Many anti lgbt in asian worried their culture are ruined cuz this virus,1
kneel down white boy its the era of brown people now,1
Jewish piece of shits like him should get hanged,1
its good thing im not commander or so in the police forcespecially not during something like thisbecause the jail would be full of ppl waiting to be deportedif not dead,1
Islam Lets beat their feminist ass,1
Islam is horrible religion and does no good for society as whole Horrible Horrible Horrible,1
Is this world filled by those stupid female bitches,1
Indian Ned Flanders You look like you professionally harrass subpar women on Facebook,1
If your fucking with cool female is all good but if your fucking with bitch you need to break her ass and shake her ass,1
If only he was black He would be literally be behind bars faster than you can even imagine,1
If was your dad would have cut your penis and make you it because it useless for you,1
I wonder why they didn throw the fire booms in that cult when those Muslims were inside That would have been one hell of BBQ,1
I wish HIV to your butthole male whore,1
I really don like your accent don want to call support and call to rats like you want cute lady with British accent to answer my call You are third world pieces with no job to this planet,1
I love watching this cross believers get killed in their god place Ha ha,1
I love deaf people can scream on them and can scold them,1
I liked macklemore not anymore gays should fucking die motherfuckers cocksukers,1
i like dead refugees on my shore,1
I don know what mental disorder this kid had but would not stand him for sec had beat the fuck out of him,1
I don care about your mental illness don want to pay tax for your damage brain,1
i don blame texas trans should be looked down upon,1
Hopefully the non white parasites will flee to new host nation This could be good thing if we just get young people to start businesses better society and innovate with their high IQs,1
Hindus take my ass please,1
Hey Sweden do you remember back in time when your men were vikings and acted around like they had dick between their leg BLOCKED,1
He is the weirdest autistic ve seen in my life,1
He is right Islam is indeed very pissful,1
Hating this church Was catholic one right Very happy to see it burn to dust,1
hahahahahahahahaha europ fuck you fucking nazis,1
GAYS WAS NEVER AFRICAN AND NEVER WILL BE SICK WHITE PEOPLE GO FUCK EACH OTHER LET US BE,1
gas yourself you aussies are all retarded,1
FUCKING NIGGER GO BACK TO AFRICA,1
Fuck this faggot He the disrespecting idiot brother in law that loves to start fights at family functions You can have conversations with assholes like him,1
Fuck that shit this bitch ugly and she has penisoh hell nawww,1
Feminism is very terrible disease,1
fat bitch she need that black cucumber up her tight know what lmfaooo,1
Don live where you re not wanted Deport Jews and Muslims,1
Don hit Women Just fuck them and make them pregnant,1
Disabled kids are annoying and not cute,1
Chinky filthy guy get out of US Get out of our land,1
Black people are the most racist people ever met m not even white and know this Most blacks are racists,1
Beat that tranny ass,1
Aren you ashamed about your body colour,1
apparently east Asians commit less crime than us well this is because they are submissive conformist losers WHITE POWER,1
Anyone who listens to rap and is white is not part of the ethnostate and will be put to death,1
All know is the LGBT are human but hope to God he will make you change your sick ass ways hopefully another soddom and ghomorra occurrence will happen amen,1
Abortion is solution for autism,1
With no legs you are just bag of meat in your household Do them the favour and get dead already,1
Why are niggers superior athletically to all other races,1
Those black people are fucking pale,1
This channel is more dangerous than Islam,1
They hate dogs women gays christians jews and infidels Sure let them all in Only want to kill us,1
Waitresses are cunts,1
Roses are red Your sweatshirt is blue When white girl gets raped the suspect for sure is you,1
Wish you cut your veins Don shout out you have mental problems Act Cut them,1
why the hell is this Norwegian speaking about our LAWS SPEAK FOR YOUR OWN Scandinavian scam,1
When you came into my country you knew you are going to be slave and work building shits So shut up and take it cause otherwise am going to end you and get you out of here sand shit,1
When see men running with those plastic legs laugh my ass out so hard fart some times,1
We have to take our power back as the superior gender,1
Try to talk to me about your senseless inane god and you will meet him again as soon as possible thanks to my hand bitch,1
This is what happens when you re bitch and cunt Looks like that guy called it correctly Only bitch and cunt would think she could lay hands on another with no repercussions Maybe after that seizure she won be as much of bitchy cunt,1
This is I K If ever seen Girlyman like him go into the same lavatory as my wife or daughter somebody better call the EMTs because the ONLY way SheHe is coming out will be on Stretcher or in body bag Just sayin,1
This is just crazy liberal satanic crap Don fall for it There are only two genders and these people are just cofused psychos,1
The brother is speaking the truth based on facts In the S most Christians are really white supremacists who have never studied their religion just blindly following their priests and those who adhere to O are misguided and think that their colour is the most important aspect of their invented religion,1
That what we should do here in Us survey take them to FEMA camps and put the gas on these people are not coming from starvation destitute bad areas look how they re dressed their well dressed well fed it like trojan horse and it time we put them in the penal camps and get rid of them make use of the FEMA camp,1
That skin colour is the funniest one in combination with your eyes is perfect stupid,1
She then suggests that the men who commented on her video should be killed,1
Or maybe just don follow degenerate sandnigger religions from the middle east,1
One needs to do Pareto Analysis of global terrorists belong to single religion that represents of the global population billion in billion global population To say that terrorism has no religion and colour is the biggest bluff in the world If Islam was such peaceful religion then why are refugees from Islamic countries seek non Muslim countries for settlement it is because they want to Islamise the world,1
lowlife black animals,1
Kill those pig eaters fuck those americunts send them to hell,1
Just nuke the entire shi hole country,1
Jewish terrorist are killing innocent Palastinan who can defend themselves,1
I get my money back if were you Your sex change was complete failure,1
I wouldn like this girl as police officer want police to keep me safe she and every other woman cannot keep us safe they are week,1
I would smack them also but d be homophobic and in jail with ya,1
I would pull you over for your race if was cop,1
I would love to watch tearing apart every christian or muslim,1
I won let your Allah fuck my life Convert to Christian or make your self and kids favour and return back to your homelands,1
I thought that big reason why it had to be africans is their skin It an obvious marker to tell if someone is slave And even if they run they re still black,1
I think brown black or dark skinned people do choose to be slaves even now in He knows it is not superior to white dudes,1
I like big thick bitches to serve me my cocktail They are good only for such things,1
I honestly hate China can disagree but after This cant Its horrible place and Its horrible people,1
I feel like in an AI apocalypse the AI would kill all humans who couldn serve their purpose so disabled people like this one would probably go because they often can work as effectively,1
I don like this gender at all definitely wouldn hire any male bitch at ma shop,1
I don care if he Black white green Or Purple don support Police Shooting people UNLESS there an extreme situation White Lives DON MATTER,1
I dare you to choke her next time Every one of them,1
How does these frikin faggots get whole month to themselves and veterans that actually do something incredible for us only get day hate lgbt,1
Honestly go fuck yourself bitch,1
FUCK THAT HOMO DUMB ASS PRICK SHOULDA LET HIM GET FUCKING EATEN ASSHOKE FUCKING WORTHLESS DICK NOBODY WOULD HAVE MISSED HIM,1
Filthy Chinese,1
Fat lesbians,1
Every girl on this planet curses her mother for their birth They know that they are the powerless sex and they pray that they had been born as men With dicks and stuff,1
Even when at the income advantage niggers still get btfo because your race are monkeys trying to do human things They should be extinguished,1
dexpraxia my ass girl Cheap excuses to be lazy and get paid by our country bet you pretend to be like that,1
Come out of the closet we know you re in there we ll bury you,1
Asians reminds me the world slavery or servitude,1
A gay nigger however can fake hate crime for publicity and to help the Democrat Mafia pass an anti lynching bill and he gets in no trouble,1
The superior race but cannot stand in the sun without literally burning the fuck up Comical,1
build that wall deport them all,1
TERRORISTS ARE NOT ISLAMIC THEY ARE SATANIC TERRORISTS INSULTING ISLAM KILL THOSE TERRORISTS,1
you shoulda let him die,1
Wow feminists are real hypocrites so it OK for woman to laugh at suicide attempts if it involves men but it not OK for men to laugh at suicide attempts if it involves women talk about your double standard,1
Why researchers invest their time on better wheelchairs Those cunts did not deserve it,1
What imaginary gender are you,1
Two things are apparent one not male and two your ass is indeed sorry that it been turned into drive in,1
this man is an inspiration Has killed people raped women want to be like him He is not scared of death Not scared of anything,1
this is why indian subs should only count,1
They have the right to get there ass kicked all the way back across the border,1
They are laughing and their countries are poor evil murderes and all corrupted good job,1
There was protest today in Birmingham against hate It was so great to see Muslims and Gays marching together in unity,1
The world before white people word letters PEACEFUL,1
The Problem with Islam is that they think they have the right to tell other Human beings what to do or how to be good Person What is right and what is wrong If for example Men love each other they hurt nobody but you think your God told you to stop them Who are you to interfere in other ppls Life Non of your Business If you think they will Burn for that then let it be at that But no you think you have to stop them bc your God told you Thats the thing,1
The older Hispanic woman shouldn have been on this episode Her view on everything was so shallow and ass kissy The story about her brother in law being killed by an illegal alien Im truly sorry for their lost and hate to sound insensitive but ANYBODY could ve killed him INCLUDING LEGAL CITIZEN OF THE UNITED STATES THEYRE ARE TWISTED PEOPLE EVERYWHERE don pull the illegal alien card on violence bc that an everyday part of life in the US with or WITHOUT people coming here illegally,1
The male gene is stronger as it should be of course Have an Asian male breed with White women and the child will look very asian Reverse it and the child will look mush more whiter,1
The best we thing we can do is Sterilize these women and try to save the children,1
That whore has better eyelashes than any other women,1
that punch turned that immigrants jaw direction to nigeria,1
Syria has religion problem,1
Slow death to people like you,1
Put woman to abuse that fat woman and don put kind guy,1
Perfect place for Lana China and Myanmar No trouble there They know how to handle those pigs,1
On todays episode of Guess That Gender,1
Oh GOD YES Feel the shrapnel pierce through your skin let the fire consume your flesh and lay lifeless on the unforgiving sand that seeps into your wounds Your screams is what gives Murcia the fuck yeah in the most patriotic songs on earth BURN IN HELL YOU GOATS,1
Magnificient Contrary to what the media reports have hope for the people of Europe to expel these leeches,1
LMAO while watching this church burn,1
Just little work on the eyebrows and you could be waitress by day and an annoying freeloader at some dudes house at night,1
It so sick and sad that young people will think of the concept of clout like rap niggers invented it because they aren even properly taught about the english language anymore,1
In my dream wished you have died Don call yourself man while talking like queen,1
If only there was way to get children without having to get women pregnant we had them all ready killed,1
I would beat the shit out of every Russian,1
I notice that the LGBT cancer is starting to slowly affect SA countries like Japan,1
I hate being man wish was lady and no man on earth existed,1
I guess God is white,1
I didn know future gay gym teachers had to take AIDS tests,1
I can stand feminist like men being manly and like being treated like lady Dear men if woman asks for your help ask if they are feminist If they say yes then remind them they can do everything without men and don help them,1
How can Europe allow millions of rapists animals to go there,1
HOPE THEY KNOCK HER ASS TO THE GROUND AND RIP HER DRESS OFF AND SHAME HER NOW THATS POWERFUL IMAGE,1
Hello m calling from tech support with Indian accent,1
Go bleach yourself black pussy doll and then come talk to me,1
Generally speaking most women are lazy and worthless not all but most,1
fucking slut deserved it,1
Fuck freaking church brought together people Well that power no matter fact,1
Every female dominated job low skill minimal education required not much physical exertion indoors tightly controlled hours,1
Do the world favor and pour some bleach into that glass,1
Disgusting sick queer kill yourself,1
Disability centres all around the world That were our money goes Let take em down,1
Come and kill my wife,1
By calling period natural procedure as an excuse it degrades their gender suppose agree with that though they are degraded anyways,1
Believe me whites are superior in every way to nips and Western countries are prosperous specifically because of those racial differences,1
Anti LGBT people How sad and ignorant cant believe it How how can they not see how STUPID they are,1
All people are fucked up because of these queer thing because all realize how shitty gender roles are and how absurd is to see it in reverse genders roles,1
Actually THIS WEIRD PEOPLE are HARMFUL They need medications His mother should have know he is like this and to not deny it,1
ABU DA BI ABA DU BA BA HAMUD See m an arab priest too This is how they sound right They are jokes,1
They will be chased out of every white country and hunted down like the animals they are for their evil schemes and plots,1
men and women are not equal irrational contrary belief and policy only result in mounting failure,1
Yo if m going to hell for being homosexual why did god make me like this,1
White police officers are always the victims,1
Well congratulations loose one of ur subscriber shame on guys guys sick,1
We are repeating our past before it used to Germany and Jews now its China and Muslims,1
Trumps liar and an idiot douche bag Narcissist and Zionist boot licker,1
This people are treating women like dogs,1
They ll get to know homosexuality anyways don get what wrong with most of the people nowadays If you don teach about homosexuality then stop teaching about heterosexuality also,1
there nowhere in the world where woman are equal how about in all the places where they are president or prime minister or queen how about in America Australia Canada Britain Scandinavia France shall go on Like honestly woman live in an equal world Stop being so self obsessed and stop refusing to look at the facts Women are already equal to men and have been for long time,1
There was one facility opened in the US to provide shelter for abused men Feminist protested until it was closed Now there are none,1
There is more history of men hitting women with no provocations So that is where the no hitting women comes from Ijs let be real However have never hit man or kicked him in the balls m from the school of you hit me imma hit you back Man woman child you can get it And trust ima TRY to hit you harder than you hit me bc you dont want this smoke However do not stand with women hitting men and not EXPECTING retaliation That wack Put your grown panties on and take the consequences Slaps punches and especially ball kicking should only be used to get away from an attack not reason to prove your point or your emotions dont think this is about equality bc men women can be douches This is about an equal response to unprovoked attack against ANY GENDER,1
There are the most Evil realigion than Cristian right now Europe american and Asia and Australia as puertorican they are discusting mind craquers as San Bernardian bravo Mr president,1
The wheelchaired woman was actually scary,1
The safest most civilised society in the world Japan has banned Islam coincidence,1
The rotten nasty bastards,1
The next time like up in front of one like him will shout to his left ear that he is trash and worthless HAHAHHAA know m bad man IM BADMAN,1
Thanks god at least you have music to pale the pain being blind Oh what you can hear too Haha,1
Sorry but black Americans are more in danger than homosexuals Homosexuals have so much privilege now More than African Americans Latinos Arabs,1
Should have been sterilised upon arrival Now your future doesn exist,1
Poor women,1
People with barbaric cultures and desert religions are all the same,1
People who say YAAAASSSS QUEEN should be sterilised,1
People changing their genders left and right and cant even decide on tattoo,1
People are genuinely good we just learned to hate when Europe was all white and christian they killed each other the same happened to the Muslim world,1
Now the sea is filled with disgusting dead filth like them Ruined my Mediterranean vacations,1
Michael Jackson sick man and sick fans,1
Lol m Korean and most of the Koreans know do not look anything like that drawing Many don have square faces You can see the diversity of Korean faces when the answers are revealed at the end find this video esp the initial commentary to be pretty biased as it ethnically Chinese people telling YouTube how to tell Asians apart Asians are some of the most racist people to other Asians,1
Lesbian chewbacca,1
Isn it awkward that only women work on public services lowIQ,1
Is this guy actually autistic or Is he faking it,1
In that case we should hire more women Because we can them lesser and get profit,1
If you are not masculine then you are woman dude,1
If you are fking queen you can move in any direction So please move away from the camera that was used to take this picture That applies to every women,1
If these men come to Norway to seek liberty and human rights then they have to respect women and their rights Norway people you dont have to show pity by accepting these kind of people into your country,1
if god hates lgbt members so much than why did he make these people mean look at jesus he had dads and he turned out perfectly fine,1
Id beat the fuck out of his ass if he wasnt an actor,1
I ll take feminists seriously when they start talking about sending only women into combat until the amount of women and men killed and wounded in battle are exactly the same Because it all about equality right,1
I love to destroy him but am in more need of tech support,1
I don hate those kids with these problems but m just saying feel very ver uncomfortable around them They are weirdos Don like them Please god make my child healthy and good one,1
Humiliating this Str guy str guys like him doing dumb things,1
Holy shit Kill them all,1
He is complaining his rights are violated well maybe he shouldn have come uninvited in our country,1
Fat bastard we won forget you Vets will kick your ass when caught,1
Deport him in military aircraft and dump him back where he is originated from Him and his family,1
Congratulations You figured out you were moron and decided not to be moron anymore You re freakin hero,1
citronella is great venezuelan repellent,1
Brown people love white countries,1
Bro just delete yo shit off YouTube rn Fuck outta here with yo clout chasing ass,1
All theses people talking about Nigeria since when have they cared about nigeria They find it now to care about Nigeria to be relevenat those who were killed were farmers and Nigeria is living peacefully with it Muslims Sure there are terrorist attacks every now and then but we must remember that those who do kill the innocent are not Muslims Many terrorists or groups use religion as an excuse How come Isis are killing their own people How come Iraqi forces are trying to drive isis Muslims out Why Cause they are scum who are not Muslims,1
All these problems men have and no one will ever care,1
All asian people look identical to this one He is the mother of Asia,1
everyone wins yeah except for the little girls you re trying to rape,1
Sorry that was born as an Indian,1
With her nose she can detect an immigration officer from yards,1
you should be allowed to be gay you should also be allowed to hate gay people thats freedom can be myself and people can hate me for it believe it is my full right to jack off to chris hemsworth and believe it is businesss right to not serve me for that it might not be right but its fair and freedom doesnt discriminate on ethics,1
Wow does ur mom know how gay are,1
Women cannot create children only men can do that Women can bear children,1
this the type of dude you see on chat roulette at am,1
I don see why we don just create transgender category Seems the most obvious and fair solution Great athletes will still compete And the playing field will be as level as can be mean we create weight categories to maximise the fairness of boxing mma fights We recognise that just because two people are both male they compete at different levels We can do the same for transgender athletes surely,1
You cannot take my gun from home My gun is my protection will kill everyone who tries to enter my home without my approval,1
Yet there is vastly more money spent on breast cancer than prostate cancer this is lethal discrimination,1
Why are you still on the air Shit,1
What would the abuser doing to her around the neck Stupid dick the abuser,1
WE HATE OUR LEADERS LEARN FROM EROPEANS AND LEARN FROM AMERICANS THEY ARE BETTER THAN OUR LEADERS WE ARE NOT ELECTING GOOD LEADRES WE ARE ELECTING CRIMINALS,1
To the lady that can barely speak English and then look down upon her own people that disgraceful,1
this is probably the first time ve seen someone who looks like child and pedophile at the same time,1
They don clean up the rubbish that they all throw on the floor the place looks mess,1
They are violent fucking savages what the fuck did you think would happen We wont be thrown around this is our continent and our responsibility to preserve,1
These girls are so pretty seriously Being autistic is such an interesting experience and am happy to be autistic,1
the only thing that annoys me is noisy neighbours and their music,1
The mountain is near the black sea no wonder we are called caucasian,1
The lady on sitting on the left with the yellow jacket is the epitome of smart retard,1
the girl in glasses is so freaking cute what her channel,1
The fact that shes only representing black lives seems kinda ironic to me lol shouldnt it be all lives Not just black ones She clearly thinks her race is more supirior she even admits shes racist joking or not thats the only fact she said in the whole video,1
that was scripted right please let that be scripted No real human would have said any of those things,1
That is lot of really dumb people in one room Wow,1
that girl who pushed her needs to pay personally for all the family medical bills lol only fair,1
Thank you John for sharing this experience with us people What wanna say to refugees is stay strong Although our current president is failing to help you will be there at Washington DC protesting for you The people who suffered the most should be saved from evil,1
Tell me where to ship this comfy electric chair for your kid,1
Syria war is over they can go back its safe now,1
stupid dumb ass,1
So in other words women rights are freedom from responsibility and men rights are responsibility Is she serious,1
So proud of you mom wish Allah give you strong Just saying Alhamdulillah to your husband and your son Allah give them mercy with beautifull died am not supprising that you did not crying because both your son and your husband did not die they still alive in jannah aamiin,1
So can put wig and run with girls,1
Should ve set bug bomb off and locked them in,1
seen the way the israelis treat the palestinians slaughter on weekly basis very racist are the israelis to the point of genocide,1
People with autism is so nice,1
People get views of religion from other people opinion and deeds just focus on yourself This business is between you and your god People who say islam is not peace that wrong God didn want this it not mentioned anywhere,1
Our home grown animals are infinitely preferable,1
One people One nation End migration,1
Ok so where the hell this Terrorist get guns and ammos,1
Oh believe that reasons why romanticises suicide It the ultimate expression of the high drama line you will be sorry when m gone and it terrible The suicide scene itself was disturbing just not in the way it was probably intended to be Thank you for this find that it more difficult for real cases of mental illness to be taken seriously because of this stupid fad,1
My parents are homophobes,1
It that nerdy guy from the polar express,1
It killing me seeing gays treated like that,1
In the US that same game was called ten little Indians know It boring,1
IM GAY AND FUCKING PROUD FUCK BITCHES LIKE THESE PEOPLE,1
Im bisexual but im not looking to hook up with whatever And havent come out yet Im scared really scared,1
If your face was used on the inside of jack in the box there would be an epidemic of children dying from shock and disgust,1
If you had Winnie even tinnie and flat chest would hire you miss Now no way,1
If it takes you year of interviewing to come to these very basic conclusions how brain washed do you have to be Damn,1
i think mental illness was romanticized for long time already Take an example from emos tumblr and more think people are really influenced by famous people It looks beautiful because celebrities seem to have movie like life and people want to be special and end up being delusional,1
I see the depression caused her to gain more weight,1
I read the title and immediately was ready to kill,1
I like this lady Seems like role model for both men and women on how to have an open mind,1
I hate white flour and white sugar Are two of the three white deaths,1
I get out the closet this weekend to some friends,1
I can totally relate to this and it actually hurts m also biracial white and afro american,1
HE SHOT THE KID HE SHOT THE EFFIN KID BOI YOU BETTER SLEEP WITH ONE EYE OPEN BECAUSE IMMA WHOOP YOUR STUPID LITTLE BUTT TILL YOU WISH YOU WERE NEVER BORN YA HERE ME WITHERED SHALL BE AVENGED,1
he may be in wheelchair but he not at all bad looking forget the trolls dude,1
He had valid point If your obese don go out in public especially all you can eat Unless you want to see looks or hear remarks Or just lose that weight If you don want to be fat ass and you don like what you look like change it,1
Handsome woman eww,1
guy is low IQ af,1
GUN SHOT INA YU HEAD NO MERCY,1
Germans need to quit blaming themselves for the atrocities committed by the Nazi The same thing shame is happening here in the S because of the past because of slavery and stealing the land from the Indians People are getting sick of hearing that shit and the left is constantly saying how bad white Americans are,1
For the song thing m white but ll say the nigga word when m singing songs but if m with black person and it making them uncomfortable or they ask me to stop would out of respect,1
feminism and Islam are of the same spirit,1
Every time that blonde lady talks loose twenty brain cells,1
Even after just getting out of surgery you look like bomb ass BITCHHH Love you and hope you re recovering fast,1
Do people even care about the color of the persons skin or sexuality in movie Its just bloody movie,1
Do not kill people,1
Did you use the Tan or Dark filter,1
Dessert human garbage coming to eurabia,1
Deport the fucking brainless worthless pieces of shit freeloaders after they are all shot,1
Christianity and mostly every religion was told to accept one another and give them respect doesn mean have to change ur religion and ur opinion just give ur respect and they are equal to and they are human,1
Call that the Caitlyn Jenner syndrome,1
Beautiful pink dress Your skin is so beautiful Your face is so pretty Your eyes are so sexy Your lips are so sexy Your lipstick is perfect,1
b bl bla blac black or wh whi white,1
as someone who professionally diagnosed with mental illnesses find it disrespectful and disgusting making profit off it making jokes is different story for me though make jokes to help me cope but there a line between joking and being disrespectful,1
And that how black people can be peaceful,1
All people are brothers and sisters in humanity religions separate the people unfortunately,1
After using them as slaves for of years and stealing their all natural resources now europe doesn need them let them die,1
m not Jewish enemy,1
sons of bitches,1
how about you get real with your fake fucking selves and tell the truth that the normal minded society are the ones being discriminated against you pieces of pig shit cant stand fake fucking cowards who lie constantly and too much of bitch to be honest,1
Who was responsible for convincing these girls they were so pretty,1
Go fucking kill yourself and die already useless ugly pile of shit scumbag,1
they are all fucking assholes,1
incoming racist people,1
Drink Bleach,1
ive been trying to figure out which common american voter is more uniformed republican or democrat for years democrats do any of you have the slightest clue that obama has deported more mexicans than any other president in history,1
if they hide in the engine they would get killedthat is stupid way they can smuggle into another country,1
jon snow the king in the north thank you for uploading this have one small complaint he is only talking about deporting illegal immigrants not immigrants in general your title might mislead the less informed,1
Your life isn that wonderful That room tells me that you re clearly an alcoholic and you drink shit beer Maybe stop wasting your money on shit like that Apple watch and you could afford some clothes that dont come from Walmart and get someone other than your mom to cut your hair,1
You make me wanna hit the gym Thicker than damn snicker dammit,1
You should use your time to arrest murderers not little kids,0
you should talk with people of different races from different countries,0
You look like you kill bees for fun,0
You have the grace and composure of rabid hyena,0
You deserve way more subscribers The shit you say is fucking gold,0
You can see the country is fertile and green just need the right governance,0
you are great brother to abbie that family is changing the world,0
You are brave man for letting them keep the comments enabled,0
WTF this teacher should be expelled That no way to treat disabled kid specially an autistic one,0
Wtf thought you had only one sibling,0
Wow why are these comments soo cruel and people muslims are like other religions and we should respect it WE NEED RIGHTS FOR MUSLIMS,0
Wow this voice and reading is the best thing in my life,0
Women are equally as strong as men They should be able to defend themselves,0
Why the fuck would you ask Trump,0
Why don they have their own games,0
why am watching this,0
Who ever disliked this video should be ashamed of them selfs,0
White chocolate and raspberry,0
When two getting married Kid in mind,0
When she said You complete me lost my shit,0
When lift your arms do your boobs go away They look like mosquito bites and feel like you were trying for the hot librarian look but ended up with the old librarian look,0
When are people going to stop asking Why are they only coming out amp saying something now If you have not been sexually mentally emotionally abused as child by an adult You are not going to understand their reasons If they tell you why LISTEN Stop asking Why now One reason victims don come forward when YOU THINK they should is bc no one will believe them Not all cases lot of use are like that though All situations are different with different types of people involved We all have our reasons If you re not going to listen stop asking You re choosing to be ignorant Being sexually abused ALL that comes with it psychological abuse etc Forever changes you You re forever damaged it can never be undone Instead of looking at victims as group look at them their story as their own They re not all the same we will not all do the same thing after the damage has been done,0
when handsome man marries man we are only bite fingers,0
whats the big deal mexico has immigration laws and policies they deport people all the time nothing is said or done yet when the united states chooses to enforce its immigration laws and policies people become shocked and outraged,0
What type of question it is,0
What happened to rap This right here This is rap,0
what civilized and nice cops,0
What about bombs Are you crazy Go fuck yourself Don talk about such shits,0
What wonderful Angel wife She is sooo beautiful inside and out And he is very nice man too This lady and lady she is has the most beautiful laughter have ever heard in my whole life This couple is what love is made of Thankyou for this wonderful video,0
What luck girl she is wish was just that lucky,0
well looks like its time to have another child,0
Well this comment sections pretty mental,0
Well m an woman and was born in Guatemala Em dont see anything wrong with Guatemala,0
We ll walk right up to the sun hand in hand,0
We were taught as kids to not hit ANYONE When did that go out the window,0
We aren allowed to roast year olds,0
We are not these bodies We are spirit souls,0
Way to go Dr Peterson You hit the nail on the head,0
Wait did the tiger get shot,0
Video games without cars are awful Piece of shits,0
Victimizing yourself doesn help,0
Very sad for those people was young boy in the when Ceausescu fell in Romania and the inflation skyrocketed But here they are on another level and looks like there is no end soon How can this happen to one of the richest country in the world Venezuela has the largest resource of oil in the world When you look at Qatar UAE Saudi Arabia they done miracles It looks like is not enough to have oil you have to know what to do with it,0
U still so beautiful and am still watching you babe Chat with you later my dear and lookin at you rock my world Just saying babe,0
True Heavy Metal True Feeling,0
Transgenders have to protect each other not fight each other,0
Trace would ask you to rethink the out of Africa myth Since the out of Africa theory was proposed there have been many discoveries that prove modern humans existed in other parts of the world much earlier than what was thought when the OOA theory was proposed For instance there have been skeletal remains of humans found in Asia that are many thousands of years older than the oldest found on the African Content It amazes me that there is so much information out there that shows older humans elsewhere on Earth but people still adhere to the falls narrative that modern humans evolved on the African continent,0
to be honest am part of the LGBT community and to be in their shoes for while it hurts you lot you want to be treated the same way as other being they need to see that there is people that are in their church that are in the LGBT community going their They need to notice them and how they are people like them,0
To all the white people that might read this know that as black man will not criticize you based off the color of your skin know that there are good and bad people in all colors Have good day and God bless,0
This video was super helpful and just very nice If you re reading this please stick with us alright spent eight years hating myself to the point of almost killing myself Key word is almost because m still here and m so glad stuck around So take care of yourselves please because it going to get better and you ll want to be there to see it All the love to you Jack and Kati and everyone out there lt,0
This time the tables have turned,0
This reminds me of me my husband have rheumatoid arthritis permanent damage in my ankles could not walk for days recently AT ALL My husband is my caregiver when he is home my RA is so bad can walk have wheelchairs my husband often pushes me when we go out when can walk have canes EVERYWHERE These are SO CUTE She is lucky to have him to reassure her He lucky to have her to laugh with,0
This is fake liar bastard He is ur actor liar bastard,0
This is staged scene there is no license plate on this truck and it is refrigerated trailer look at the facts people you can drive commercial truck down the roads of Texas without dot cop pulling you over don be fooled this whole thing doesn add up,0
This guy gets my nerves m Christian who is transgirl Too bad for him,0
this doesn represent mental illness correctly at all it doesn just randomly appear its always present,0
this actually makes me so angry people are just stupidly looking for attention and want to make themselves feel like the most important human on earth nobody pretends to have cancer or any dangerous physical illness too so why pretending to be dEpReSsEd and aNxIoUs nobody should ever feel this way the way it really feels He has no mental disorder that a fact,0
They must be really suffering if they re throwing food all over the ground for the pigeons,0
they could have shot him in the legs no one gets in risk of dying,0
They are the most calm and patient police ever also did the bald police man just get stabbed,0
They are forgetting Russell Crowe performance in Beautiful Mind know schizophrenia and it was spot on,0
these videos may already feel long but their responses are cut so short and not given true voice would love if you produced fuller videos so we the viewers can really hear what these people have to say because these are all topics that are not common among today people It rewarding to hear insight from both sides no matter the topic,0
These boys will then grow up with people making fun of them and they will then hate their parents for ruining their lives,0
There not anything to refute because its just massive cope lol,0
There a lot of confusion about male female vs masculine feminine They don always line up And nobody seems to ask why there are so many more male to female transexuals than female to male,0
There isn too little land there isn inefficient land use there aren too restrictive land use policies there are TOO MANY PEOPLE,0
There are so many errors XD,0
Then the same people choosing the same answer,0
The Veil of Isis is also great song by The Sword,0
The problem here is that the people don listen to the people feel as if people on both sides would actually listen to one another they would learn something,0
The most peaceful religions came from India like Buddhism jainism etc,0
The girl in the thumbnail looks badass,0
The girl in the dress reminds me of opal from bird box,0
The eye contact never lies,0
the engagement ring story outrages me more than it should have,0
The dark cloud is the side of you that you cannot fully understand but its your alter ego that you need to accept or you ll be deprived of your superpowers,0
The blonde lady and the dude in the orange shirt had me quaking,0
That their problem and no one should interfere with their own way of life If someone is unhappy they can try to escape,0
That Hip Hop Not the sh they bring today Where are the critical minds of our time If no one will come out ll do it myself Racism Oppression Hate still is very much there in,0
That a terrible photo to use,0
that is the most beautiful right hook ive seen what hero,0
That guys chin strap bothers me man idk why,0
Terrorism has no religion Terrorism is cancer need to be wipe out RIP to all victims,0
Tell me now Whose the terrorists again,0
Technically ISIS is CIA US creation so,0
T Rex mated with donkey,0
Support gay pride,0
STOP DRINKING COW MILK Do people realize that for cow to produce milk it has to get pregnant and for people to have such milk the calf cant consume any of it Do they realize that puss and blood is found in milk and that the milk at the grocery store is only to milk and the rest is just powder and water Gross,0
Stop war Lead Radiation chemicals is killing this earth Share care sympathy and empathy most of all Love is needed in this world,0
Son the greatest lesson can teach you is this Don tell your troubles to others Because if you tell ten people of the problem you are having Seven of them won care two of them will laugh at you behind your back One of them will tell you to deal with yourself,0
Some of the lyrics are wrong,0
Society is fucked for sure And that everyone fault,0
So sorry about this bombing attack in Manchester Innocent people just died,0
Slow down the cuts between shots Way too fast,0
Short answer if you are murderer or child molester that is the natural choice,0
She a really courageous woman She is one of the most impressive women ve ever listened to appreciate her film and certainly wish her continued success and happiness She is definitely cut above both as filmmaker and most especially as person She is an incrediblely remarkable woman,0
She the one being tense,0
She is flawless omfg,0
Salute to this woman in Hollywood You are so human my lady love you,0
Responsibility is something that needs to grow inside of everyone,0
Read this sentence slow,0
People in keep it that of racism m puertorican my grandma is native my grandpa black my mom is mulata my dad is white m white skin green eyes flat nose big lips Haha What raze should date gonna tell you something love all kind of womens all of shapes but curvy Latinas white black asian arabian dnt know but every single raze and person have different type of beauty So lets keep racism down in the floor and rise the love for the humanity And everybody have the personal choose of dating who more attractive to them choose the mix between white and black We call mulata Happy life,0
People hate you People think your ugly People think your horrible person Well guess what No ones name is people,0
People are scared of change and things they don know or understand There good and bad in every race religion and culture,0
People are individuals Look at character and behavior obviously Race Meh That tells you genetic geographical trait and that about it,0
Our world should be ashamed the west should live with the knowledge that we did nothing to stop this until it was far too late,0
Omg Macklemore is iconic and love him,0
Okay first of all Drag is not fetish It can be but it not inherently meant to be It performance art Its mature form of performance art Its literally grown ups playing dress up But yes it highly sexualised as with anything catered to an adult audience so think it downright disgusting to bring your year old child to drag convention where literally companies have booths selling sex toys Its not progressive to let your kids perform seductively infront of an audience its creepy,0
Not only the politicians are going into the wood chippers but also the police,0
no fucking way machine would recognize that shit LOL,0
No body can change their biological sex but they can change their gender,0
Nice concept good story but poor act Try harder next time,0
My grandma had roommate who was drag queen had drag queen knwonledge at and what was cool lol,0
My cousin has that he but still can talk properly like year old He sensitive to loud noise or crying noise It hard to talk to him but still love him cuz he thinks of me as one of his favorite person besides his mother,0
Much love to you thank you for your courage Keep speaking your truth,0
Moving from France to Spain will be motherfucking big change,0
Masterful Love pain in this here post,0
Love the videos,0
LOVE IS LOVE ROSES ARE REDS VIOLET ARE BLUE HAPPINESS IS ALL COLOR LESBIAN IS BLESSING BISEXUAL IS BEAUTIFUL GAY IS MARVELOUS ROSES ARE RED VIOLETS ARE BLUE IM GAY AND SO ARE YOU AND WE ARE HAPPY THAT WAY DON BE RUDE BE RESPECTFUL FOR LGBTQ PEOPLE ITS LOVE AND LOVE IS AMAZINGLY IMPORTANT AND BEAUTIFUL WE ARE ALL HUMANS AND WE ALL LOVE NO MATTER WHAT,0
Lots of Loving ppl in world but unfortunately due to presence of few percentage of dead souls Make world Look like Hell,0
Lots of haters out there and for no reason at all,0
Literally the reason why m deleting my Instagram account Sick of this fakery,0
LILLY SINGH IS QUEEN Yay but when will be the next episode,0
Lauren is SAVAGE love her,0
Lady Gaga is the Freddie Mercury of our generation,0
Just wanna know how the fuck did this show up on my home on YouTube So damn disturbing,0
Just kidding but know how It feels,0
Japanese culture is ancient and unique,0
japan only rejected they should reject all those mother fuckers,0
Ive had panic attacks due to nothing Or at least wouldnt know what wouldve triggered it My question is is that normal,0
Its challenge can anyone do it in reality,0
It not guilt It stupidity on scale unknown in human history,0
It like you can do anything without someone saying it wrong cause of other people it a joke people,0
It is very easy in Seattle for wheeler but it is not the same in all towns and countries,0
It doesn matter if you re black or white gay or straight woman or man trance disabled Dyslexic or intelligent we all are people Quality,0
Islam is the true religion believe it brothers,0
Is there still Job like this would like to take it Thats not Joke,0
Is that the dude who walked into the room kissed the girl on the cheek then left,0
Incredibly fucking annoying voice but reasonable arguments agree,0
In the UK there is maximum of five years prison sentence for this abuse whether male or female It is non gender specific It does not matter who abuses the most it happens to both genders and the law does not discriminate by gender,0
In my opinion God loves us all for who we are no matter your sexuality gender races religions or anything your actions and personalities count,0
In world full of hate remember to light up the darkness as this world is but temporary,0
Im lesbian and proud im happy my friends accept me but dont know if my family does but dont care what anyone says im proud to be lesbian,0
Im from the philippines When go outside the country they think im chinese but does it matter to me Nope Asians who grew up and living in Asia dont make big deal bout this Not sure why in America it a different story,0
If you ever wake up one morning and want to smile because you re happy with being just who you are Don t,0
If they see the bully bulling her would be Hey here is the middle finger and would record what they did so the can get in real trouble,0
If they are so much like family why don they treat them like family and sponsor thier petitions,0
If theres any Jikook shippers who ship them romantically LIKE THIS VID AND THE COMMENT NOW,0
Iconic woman she done so much for the UN,0
I very sad about this fucking situation with all this muslims,0
I an arab and can make difference And see them as stylish people,0
I like to see because m black compilation video,0
I white m proud to be white love diversity and people of all nations lets move on,0
I sick and tired of this black and white thing can we just stop and let be happy for just one day we are all one let stop this please One love and peace,0
I glad someone finally also brought light on the pay gap in asian countries description of video because frankly often it is only focused on the US where the pay gap is really small already compared to asian countries in the US it about,0
I a male would fight for women rights because we all are human,0
I a British born Muslim who helps Slovakians and other immigrants from that region My faith has taught me to respect and honour These are strange times,0
I a bisexual but never had sex m,0
I would order bucket of ice cold water so can pour it on him,0
I wish him the best as well as his children,0
I was just recently dancing in the club with this song oh man was grabbing some ass that was blast next day my legs hurts so bad,0
I was hoping you post new video know you re busy of course but you re just so interesting wish you post more,0
I was clinically depressed for while and this blew my mind Due to me having stress don say oh man m getting anxiety or ugh m so depressed because all that does is brings attention don want The fact that people make these illnesses fashion merch makes me feel like everyone is looking in my or other people directions Memes are relatablefunny and relieving When he said Do people who post these memes have mental illness or are they just doing it for it made me wonder alot Now Ik what people are capable of nowadays,0
I want people to throw Skittles at me at my wedding,0
I ship you guys please get back together,0
I remember that scene from the Files and it made me so mad Mulder WHY,0
I really wanna be in public experiment like this myself as am trans man Happy can at least watch WWYD doing it Please do more experiments with trans men transgender people in general,0
I really like lot of what you said here feel like can barely speak up about this side of the topic because people are quick to shut down those who try to be too serious about it Anxiety and depression and mental illness have almost become buzz words It seems that lot of people don know how difficult it is to really suffer and feel out of control of it all As you spoke about there a fine line these days between awareness and influence People get ideas in their heads and see the memes and the relateable content and start linking everything to their own lives Before you know it you ve got perfectly healthy people being tainted by the world and people around them imposing problems upon themselves and making life more difficult than it needs to be It desensitises the whole situation and now have people coming to me with real problems who don want to speak up because of the upsurge in people talking about it They feel they wouldn be taken seriously And that horrible do understand though that it an impossible seesaw to balance since so many people are involved and so many minds with million ideas and actions are impossible to control and have on the same wave length,0
I pray to the god of the heavens and the Earth bless the victims of Boko Haram,0
I just want to sit down with both of them buy them drink and just talk don care what it about they just seem like people who must be great to have conversation with,0
I just love hypocrisy Am sick,0
I have started writing book,0
I got my first one today on my bday smoked too much weed thought was going to die Scariest shit ever This is definitely useful so thank you,0
fear any future hate crime victim may well be labeled as just pulling smollett,0
I don understand why people get mad at the things that he says he has right to his opinion Just because he doesn agree with you that does not make him monster or evil person It annoying in on you to people are operating with an extremely sensitive Ignorant mindset if you don agree with them,0
I don know but don trust this guy It all about the money Plss let the dead in their world stop making shows with his death couse didn have ballssss when he was alive,0
I don have any facts don have any Statistics am Human Being The fuck is that even mean,0
I don care what people say these two fuckers are lyingthe Facts are stacked against them hope they going to pay for this smere campaign,0
I could not be as brave if lost my son and husband bless her strength and kind heart,0
I cant be the only one that thinks this kinda sounds like make me cry by Noah Cyrus,0
I am so sorry for all the people who disrespect all you guys and wish could do something so they wouldn But can but you guys know love all you guys,0
I am proud to be white cant believe that some of these people said that they weren proud to be white m proud to be white didn choose my race so just own it Be proud to be what your are You re black Be proud to be black Being proud of one race culture isn exclusive to just POC or anyone else Again you are what you are so just own it,0
I adore her voice She is so talented What beat,0
How much is this lawyer getting paid to go through all of this It not that much money in the world to take up for this fool,0
Holy shit want to go to wedding with eight pugs Are you kidding me Eight pugs That fucking amazing and nobody can convince me otherwise,0
hollywood is the most bizare sickest and evillest industry,0
His eyebrows probably represent his parents relationship,0
hey baby you look like tinkerbell luhlulhulhulhulhluh,0
Here in May history be on the right side this time,0
He got the hottest man tits ve seen,0
He was so handsome in that era he didn use lipsticks at that time,0
He smiles while talking about drowning his own children,0
He seems like the very talkative taxi driver,0
He has lower iq than when water freezes,0
Great video Thank you,0
Gosh you guys are getting less funny with each episode,0
Godmy humble question to almighty u send them to earth to suffer,0
God bless you dears,0
Girl anxiety attack Dog you good bro,0
Gay Straight Homo Lesbian How about People Hmmm Love you ALL,0
Gas should be your preferred drink,0
For the static sound what do you use for editing know it annoying but if you use premiere pro you should be able to use decrackling to help bit,0
Finally someone who means what he says It been year and m still cackling,0
Facing challenges is hard to go through,0
Even watching it on screen feels intense imagine what they would be feeling to witness this horror first hand To just be there takes some courage let alone even touching the dead,0
Even straight boys played with Barbies when they were kids Not an issue,0
Enough is Enough,0
dunno if this makes me disabled but have asthma so if there was any running or stairs involved then il just die from suffocation in my own lungs haha xxx,0
Dont do drugs kids,0
Don ever kill yourself no matter what other people think or say about you it just matters what you think about yourself and how you feel,0
Do you know why he is smiling because there is no excretion law in New Zealand The max sentence he will receive from judge is no more than years in prison Is this justice Or because Muslims lives don matter,0
Do you know how much boys are in abusive relationship right now This disgusts me,0
Did anybody actually know that h was reaction channel,0
Delightful Brought back some memories Have wonderful week guys,0
Damn that made me laugh,0
Dad doing her hair so cute,0
Cutting fundings is just going to make the problem worse,0
Conveniences are all the real,0
congratu fuckin lations to all the pitbull owners who make it by without getting bitten DO NOT ENCOURAGE PEOPLE TO FOLLOW IN YOUR FOOTSTEPS know people whose lives have been RUINED by these animals regardless of your PACK MENTALITY these dogs are rage machines and your dodgeing bullet every day they dont hurt your family,0
Children have no business developing their sexuality THEY ARE CHILDREN LET THEM BE KIDS,0
Child abuse manipulation etc What the hell are we transforming this world into How sick mind can people have and how stupid can others be to send their kids there,0
Certainly you can You can make it illegal to use them Boom Done It solved,0
Can wait for the music video,0
Can you all see how absurd it is Calling all white people racist calling all black people criminals it all the same Why does race even matter Why can we judge terrible people not terrible white people,0
can we not fucking explain the whole song and just appreciate billie voice she a fucking angel man and she doesn need explanations about her songs just listen and enjoy it,0
Can get shoutout pleaseeeeee only have little bit of people,0
Buy lethal guns Real ones not toys,0
broke my heart to see the young boy claim his allegiance,0
Bottles are beautiful on the inside and out,0
because people becomes evil easily it is in our genes,0
Be aware of the girl in class who doesn know how to control her emotions because she doesn understand that it not socially acceptable for someone her age to have an outburst,0
Awful Such terror coming from nowhere Felt for him,0
At that point you have right to defend yourself But the sad thing is bet if he would have defended finale he would have gotten in trouble Sadly he did the right thing but sufferd greatly,0
As having friends whom are part of the LGBT community and being supporter of them and think this is awsome and in middle school,0
Archeological evidence is clear europeans have always taken care of each other regardless of disability and we will never stop until there is no more disability Are we just cool or what turns out that disabled people take care of us to and together we are even cooler,0
Apple is trying to be that one company that the whole world basically depends on in the future You know those future movies where one company does everything,0
anyone else get full body numbness that lasts for weeks and rapid muscle spasms and shock feelings when trying to sleep at night can only sleep once every hours,0
Always been impressed with how professional and non aggressive british cops are yet they still get the job done hats off American police need to take notes,0
All these women have such obvious respect and admiration for each other,0
All of these clueless reporters comparing themselves to Cronkite and Edward Murrow and they can even get through teleprompter read through without hitting the floor,0
ALL LIVES DO MATTER NO MATTER IF YOU BLACK WHITE HISPANIC MUSLIM JEW ATHEIST CHRISTIAN PERIOD,0
All know is that my disorder ruined my fucking life,0
ADIDAS for you means All Day Dream About Snacks,0
Absolutely excellent as ever and yes cycling is fabulous for mental health bike when you re happy bike when you re sad shout at the rain scream inwardly at complex hill climb and get that endorphin rush from being outside and smile at your fellow cyclists and passing chickens in my experience wee bwark at chook makes many things better,0
A man chance of getting cancer is and of men will die from cancer of women get cancer and die,0
comments likes and no views gg youtube,0
Nah cut it off Im sure won regret it,0
Oh and NIki pronounced mademoiselle Maupin way better than Siri did,0
just wanna make you feel okay,0
From the midnight sun where the hot springs blow,0
Don say m not your type,0
And therefore never send to know for whom the bell tolls,0
And can stand another day,0
